Country name,Happiness Score,Happiness Rank,Social support,GDP per Capita,Healthy life expectancy,Freedom to make life choices,Perceptions of corruption,Year,CO2 Production,HDI
Switzerland,7.587,1.0,1.34951,1.39651,0.94143,0.66557,0.41978,2015,4.668199391,0.954
Iceland,7.561,2.0,1.40223,1.30232,0.94784,0.62877,0.14145,2015,10.70787269,0.945
Denmark,7.527,3.0,1.36058,1.32548,0.87464,0.64938,0.48357,2015,6.188361303,0.936
Norway,7.522,4.0,1.33095,1.459,0.88521,0.66973,0.36503,2015,8.772584366,0.953
Canada,7.427,5.0,1.32261,1.32629,0.90563,0.63297,0.32957,2015,15.90658544,0.926
Finland,7.406,6.0,1.31826,1.29025,0.88911,0.64169,0.41372,2015,8.05059621,0.93
Netherlands,7.378,7.0,1.28017,1.32944,0.89284,0.61576,0.31814,2015,9.69388728,0.932
Sweden,7.364,8.0,1.28907,1.33171,0.91087,0.6598,0.43844,2015,4.465214876,0.937
New Zealand,7.286,9.0,1.31967,1.25018,0.90837,0.63938,0.42922,2015,7.816892374,0.931
Australia,7.284,10.0,1.30923,1.33358,0.93156,0.65124,0.35637,2015,16.85069952,0.933
Israel,7.278,11.0,1.22393,1.22857,0.91387,0.41319,0.07785,2015,7.893085032,0.909
Costa Rica,7.226,12.0,1.23788,0.95578,0.86027,0.63376,0.10583,2015,1.527702028,0.798
Austria,7.2,13.0,1.29704,1.33723,0.89042,0.62433,0.18676,2015,7.645373825,0.91
Mexico,7.187,14.0,0.91451,1.02054,0.81444,0.48181,0.21312,2015,3.955206712,0.768
United States,7.119,15.0,1.24711,1.39451,0.86179,0.54604,0.1589,2015,16.74083424,0.92
Brazil,6.983,16.0,1.23287,0.98124,0.69702,0.49049,0.17521,2015,2.58888062,0.753
Luxembourg,6.946,17.0,1.21963,1.56391,0.91894,0.61583,0.37798,2015,16.49430692,0.915
Ireland,6.94,18.0,1.36948,1.33596,0.89533,0.61777,0.28703,2015,8.315620349,0.925
Belgium,6.937,19.0,1.28566,1.30782,0.89667,0.5845,0.2254,2015,8.952519237,0.924
United Arab Emirates,6.901,20.0,1.12575,1.42727,0.80925,0.64157,0.38583,2015,23.38178108,0.865
United Kingdom,6.867,21.0,1.28548,1.26637,0.90943,0.59625,0.32067,2015,6.412680895,0.924
Venezuela,6.81,23.0,1.25596,1.04424,0.72052,0.42908,0.11069,2015,5.987807457,0.767
Singapore,6.798,24.0,1.02,1.52186,1.02525,0.54252,0.4921,2015,11.11028456,0.93
Panama,6.786,25.0,1.1985,1.06353,0.79661,0.5421,0.0927,2015,2.740994238,0.8
Germany,6.75,26.0,1.29937,1.32792,0.89186,0.61477,0.21843,2015,9.727783167,0.938
Chile,6.67,27.0,1.12447,1.10715,0.85857,0.44132,0.12869,2015,4.553558495,0.846
France,6.575,29.0,1.26038,1.27778,0.94579,0.55011,0.20646,2015,5.118603886,0.892
Argentina,6.574,30.0,1.24823,1.05351,0.78723,0.44974,0.08484,2015,4.466724129,0.848
Czech Republic,6.505,31.0,1.20643,1.17898,0.84483,0.46364,0.02652,2015,9.891583156,0.891
Uruguay,6.485,32.0,1.2089,1.06166,0.8116,0.60362,0.24558,2015,1.971126102,0.811
Colombia,6.477,33.0,1.24018,0.91861,0.69077,0.53466,0.0512,2015,1.935271658,0.754
Thailand,6.455,34.0,1.26504,0.9669,0.7385,0.55664,0.03187,2015,4.157602169,0.781
Saudi Arabia,6.411,35.0,1.08393,1.39541,0.72025,0.31048,0.32524,2015,21.27767468,0.859
Spain,6.329,36.0,1.31379,1.23011,0.95562,0.45951,0.06398,2015,5.821362504,0.889
Malta,6.302,37.0,1.30203,1.2074,0.88721,0.60365,0.13586,2015,4.015601106,0.889
Kuwait,6.295,39.0,1.16594,1.55422,0.72492,0.55499,0.25609,2015,23.81614724,0.83
El Salvador,6.13,42.0,1.02507,0.76454,0.67737,0.4035,0.11776,2015,1.055362709,0.668
Guatemala,6.123,43.0,1.04356,0.74553,0.64425,0.57733,0.09472,2015,0.973540632,0.639
Uzbekistan,6.003,44.0,1.34043,0.63244,0.59772,0.65821,0.30826,2015,3.278808681,0.701
Slovakia,5.995,45.0,1.26999,1.16891,0.78902,0.31751,0.03431,2015,6.330585467,0.851
Japan,5.987,46.0,1.25712,1.27074,0.99111,0.49615,0.1806,2015,9.558894626,0.918
South Korea,5.984,47.0,0.95774,1.24461,0.96538,0.33208,0.07857,2015,12.49852306,0.909
Ecuador,5.975,48.0,0.99903,0.86402,0.79075,0.48574,0.1809,2015,2.514146911,0.765
Bahrain,5.96,49.0,1.21624,1.32376,0.74716,0.45492,0.306,2015,23.66882409,0.858
Italy,5.948,50.0,1.19777,1.25114,0.95446,0.26236,0.02901,2015,5.964204062,0.882
Bolivia,5.89,51.0,0.97841,0.68133,0.5392,0.57414,0.088,2015,1.957518724,0.69
Moldova,5.889,52.0,1.01528,0.59448,0.61826,0.32818,0.01615,2015,1.1746874,0.749
Paraguay,5.878,53.0,1.30477,0.75985,0.66098,0.53899,0.08242,2015,0.904653877,0.723
Kazakhstan,5.855,54.0,1.12241,1.12254,0.64368,0.51649,0.08454,2015,16.42283959,0.805
Slovenia,5.848,55.0,1.27385,1.18498,0.87337,0.60855,0.03787,2015,6.577253079,0.903
Lithuania,5.833,56.0,1.25745,1.14723,0.73128,0.21342,0.01031,2015,4.542989481,0.862
Nicaragua,5.828,57.0,1.14184,0.59325,0.74314,0.55475,0.19317,2015,0.872584056,0.647
Peru,5.824,58.0,0.97459,0.90019,0.73017,0.41496,0.05989,2015,1.610292683,0.759
Belarus,5.813,59.0,1.23289,1.03192,0.73608,0.37938,0.1909,2015,6.148416063,0.812
Poland,5.791,60.0,1.27948,1.12555,0.77903,0.53122,0.04212,2015,8.240480859,0.868
Malaysia,5.77,61.0,1.07023,1.12486,0.72394,0.53024,0.10501,2015,7.658953819,0.797
Croatia,5.759,62.0,0.79624,1.08254,0.78805,0.25883,0.0243,2015,4.209244121,0.843
Libya,5.754,63.0,1.11862,1.13145,0.7038,0.41668,0.11023,2015,9.065229737,0.699
Russia,5.716,64.0,1.23617,1.13764,0.66926,0.36679,0.03005,2015,11.19494542,0.824
Jamaica,5.709,65.0,1.15102,0.81038,0.68741,0.50442,0.02299,2015,2.765597344,0.713
Cyprus,5.689,67.0,0.89318,1.20813,0.92356,0.40672,0.06146,2015,6.003867406,0.871
Algeria,5.605,68.0,1.07772,0.93929,0.61766,0.28579,0.17383,2015,3.76769044,0.74
Turkmenistan,5.548,70.0,1.22668,0.95847,0.53886,0.4761,0.30844,2015,12.61938513,0.74
Mauritius,5.477,71.0,0.98521,1.00761,0.7095,0.56066,0.07521,2015,3.342633645,0.795
Estonia,5.429,73.0,1.22791,1.15174,0.77361,0.44888,0.15184,2015,12.05740026,0.882
Indonesia,5.399,74.0,1.08708,0.82827,0.63793,0.46611,0.0,2015,2.134330639,0.695
Vietnam,5.36,75.0,0.91226,0.63216,0.74676,0.59444,0.10441,2015,2.082539807,0.684
Turkey,5.332,76.0,0.94632,1.06098,0.73172,0.22815,0.15746,2015,4.855912006,0.817
Kyrgyzstan,5.286,77.0,1.15115,0.47428,0.65088,0.43477,0.04232,2015,1.724902045,0.69
Nigeria,5.268,78.0,0.90432,0.65435,0.16007,0.34334,0.0403,2015,0.626430378,0.516
Azerbaijan,5.212,80.0,0.93793,1.02389,0.64045,0.3703,0.16065,2015,3.843892777,0.748
Pakistan,5.194,81.0,0.41411,0.59543,0.51466,0.12102,0.10464,2015,0.848690651,0.534
Jordan,5.192,82.0,1.05392,0.90198,0.69639,0.40661,0.14293,2015,2.757890591,0.718
Montenegro,5.192,82.0,0.90557,0.97438,0.72521,0.1826,0.14296,2015,3.570744996,0.822
China,5.14,84.0,0.94675,0.89012,0.81658,0.51697,0.02781,2015,7.000344465,0.733
Zambia,5.129,85.0,0.91612,0.47038,0.29924,0.48827,0.12468,2015,0.321045664,0.562
Romania,5.124,86.0,0.88588,1.04345,0.7689,0.35068,0.00649,2015,3.832413015,0.813
Serbia,5.123,87.0,1.00964,0.92053,0.74836,0.20107,0.02617,2015,4.928151287,0.794
Portugal,5.102,88.0,1.13935,1.15991,0.87519,0.51469,0.01078,2015,5.043222399,0.85
Latvia,5.098,89.0,1.09562,1.11312,0.72437,0.29671,0.06332,2015,3.635277828,0.85
Philippines,5.073,90.0,1.03516,0.70532,0.58114,0.62545,0.12279,2015,1.09821636,0.698
Morocco,5.013,92.0,0.64095,0.73479,0.60954,0.41691,0.08546,2015,1.689019459,0.654
Albania,4.959,95.0,0.80434,0.87867,0.81325,0.35733,0.06413,2015,1.555329452,0.795
Bosnia and Herzegovina,4.949,96.0,0.91916,0.83223,0.79081,0.09245,0.00227,2015,5.383072823,0.761
Dominican Republic,4.885,98.0,1.17202,0.89537,0.66825,0.57672,0.14234,2015,2.285093487,0.736
Mongolia,4.874,100.0,1.3006,0.82819,0.60268,0.43626,0.02666,2015,7.751733485,0.732
Greece,4.857,102.0,0.92933,1.15406,0.88213,0.07699,0.01397,2015,7.032163043,0.88
Lebanon,4.839,103.0,0.80001,1.02564,0.83947,0.33916,0.04582,2015,3.93936453,0.746
Hungary,4.8,104.0,1.20215,1.12094,0.75905,0.32112,0.02758,2015,4.767351921,0.838
Honduras,4.788,105.0,0.95348,0.59532,0.6951,0.40148,0.06825,2015,1.075616191,0.613
Tajikistan,4.786,106.0,0.85563,0.39047,0.57379,0.47216,0.15072,2015,0.62719215,0.657
Tunisia,4.739,107.0,0.60429,0.88113,0.73793,0.26268,0.06358,2015,2.618240924,0.733
Palestinian Territories,4.715,108.0,0.92558,0.59867,0.66015,0.24499,0.12905,2015,0.663367163,0.71
Bangladesh,4.694,109.0,0.43106,0.39753,0.60164,0.4082,0.12569,2015,0.468955244,0.602
Iran,4.686,110.0,0.54447,1.0088,0.69805,0.30033,0.05863,2015,8.008771316,0.776
Ukraine,4.681,111.0,1.20278,0.79907,0.6739,0.25123,0.02961,2015,4.98250075,0.774
Iraq,4.677,112.0,0.81889,0.98549,0.60237,0.0,0.13788,2015,4.656619943,0.675
South Africa,4.642,113.0,1.18468,0.92049,0.27688,0.33207,0.08884,2015,8.135061467,0.716
Ghana,4.633,114.0,0.67954,0.54558,0.40132,0.42342,0.04355,2015,0.578634112,0.607
Zimbabwe,4.61,115.0,1.03276,0.271,0.33475,0.25861,0.08079,2015,0.884989383,0.582
Liberia,4.571,116.0,0.78968,0.0712,0.34201,0.28531,0.06232,2015,0.269149842,0.473
India,4.565,117.0,0.38174,0.64499,0.51529,0.39786,0.08492,2015,1.731529473,0.629
Haiti,4.518,119.0,0.74302,0.26673,0.38847,0.24425,0.17175,2015,0.248767197,0.529
Nepal,4.514,121.0,0.86449,0.35997,0.56874,0.38282,0.05907,2015,0.252329897,0.579
Ethiopia,4.512,122.0,0.60406,0.19073,0.44055,0.4345,0.15048,2015,0.12588429,0.46
Sierra Leone,4.507,123.0,0.95571,0.33024,0.0,0.4084,0.08786,2015,0.122101297,0.453
Mauritania,4.436,124.0,0.86908,0.45407,0.35874,0.24232,0.17461,2015,0.722610602,0.544
Kenya,4.419,125.0,0.99876,0.36471,0.41435,0.42215,0.05839,2015,0.340471315,0.561
Armenia,4.35,127.0,0.77711,0.76821,0.7299,0.19847,0.039,2015,1.869492708,0.766
Botswana,4.332,128.0,1.10464,0.99355,0.04776,0.49495,0.12474,2015,2.558051149,0.702
Myanmar,4.307,129.0,0.70905,0.27108,0.48246,0.44017,0.19034,2015,0.419673411,0.562
Georgia,4.297,130.0,0.38562,0.7419,0.72926,0.40577,0.38331,2015,2.422106549,0.79
Malawi,4.292,131.0,0.41134,0.01604,0.22562,0.43054,0.06977,2015,0.066872484,0.491
Sri Lanka,4.271,132.0,1.01905,0.83524,0.70806,0.53726,0.09179,2015,0.948453912,0.764
Cameroon,4.252,133.0,0.88767,0.4225,0.23402,0.49309,0.05786,2015,0.332478223,0.56
Bulgaria,4.218,134.0,1.10614,1.01216,0.76649,0.30587,0.00872,2015,6.705185645,0.809
Egypt,4.194,135.0,0.747,0.8818,0.61712,0.17288,0.06324,2015,2.370849864,0.706
Yemen,4.077,136.0,0.68093,0.54649,0.40064,0.35571,0.07854,2015,0.483295103,0.477
Mali,3.995,138.0,1.03526,0.26074,0.20583,0.38857,0.12352,2015,0.187547545,0.416
Congo (Brazzaville),3.989,139.0,0.6629,0.67866,0.31051,0.41466,0.11686,2015,0.710776869,0.59
Uganda,3.931,141.0,1.13299,0.21102,0.33861,0.45727,0.07267,2015,0.118392318,0.517
Senegal,3.904,142.0,0.97619,0.36498,0.4354,0.36772,0.10713,2015,0.675338868,0.505
Gabon,3.896,143.0,0.90528,1.06024,0.43372,0.31914,0.11091,2015,2.705466898,0.699
Niger,3.845,144.0,0.77265,0.0694,0.29707,0.47692,0.15639,2015,0.10174154,0.376
Cambodia,3.819,145.0,0.62736,0.46038,0.61114,0.66246,0.07247,2015,0.549337059,0.574
Tanzania,3.781,146.0,1.00268,0.2852,0.38215,0.32878,0.05747,2015,0.206644443,0.52
Madagascar,3.681,147.0,0.66801,0.20824,0.46721,0.19184,0.08124,2015,0.133328723,0.504
Chad,3.667,149.0,0.76062,0.34193,0.1501,0.23501,0.05269,2015,0.049373626,0.389
Guinea,3.656,150.0,0.46475,0.17417,0.24009,0.37725,0.12139,2015,0.214414025,0.44
Ivory Coast,3.655,151.0,0.77115,0.46534,0.15185,0.46866,0.17922,2015,0.40495316,0.513
Burkina Faso,3.587,152.0,0.85188,0.25812,0.27125,0.39493,0.12832,2015,0.182042319,0.418
Afghanistan,3.575,153.0,0.30285,0.31982,0.30335,0.23414,0.09719,2015,0.229679525,0.478
Rwanda,3.465,154.0,0.7737,0.22208,0.42864,0.59201,0.55191,2015,0.080846535,0.515
Benin,3.34,155.0,0.35386,0.28665,0.3191,0.4845,0.0801,2015,0.503557505,0.529
Burundi,2.905,157.0,0.41587,0.0153,0.22396,0.1185,0.10062,2015,0.038471343,0.428
Togo,2.839,158.0,0.13995,0.20868,0.28443,0.36453,0.10731,2015,0.254767137,0.514
Denmark,7.526,1.0,1.16374,1.44178,0.79504,0.57941,0.44453,2016,6.480325401,0.943
Switzerland,7.509,2.0,1.14524,1.52733,0.86303,0.58557,0.41203,2016,4.676955631,0.956
Iceland,7.501,3.0,1.18326,1.42666,0.86733,0.56624,0.14975,2016,10.49770323,0.948
Norway,7.498,4.0,1.1269,1.57744,0.79579,0.59609,0.35776,2016,8.531791111,0.955
Finland,7.413,5.0,1.13464,1.40598,0.81091,0.57104,0.41004,2016,8.590699442,0.931
Canada,7.404,6.0,1.0961,1.44015,0.8276,0.5737,0.31329,2016,15.37992637,0.928
Netherlands,7.339,7.0,1.02912,1.46468,0.81231,0.55211,0.29927,2016,9.712168595,0.933
New Zealand,7.334,8.0,1.17278,1.36066,0.83096,0.58147,0.41904,2016,7.362684887,0.934
Australia,7.313,9.0,1.10476,1.44443,0.8512,0.56837,0.32331,2016,17.14339271,0.935
Sweden,7.291,10.0,1.08764,1.45181,0.83121,0.58218,0.40867,2016,4.398329525,0.939
Israel,7.267,11.0,0.99537,1.33766,0.84917,0.36432,0.08728,2016,7.549539184,0.913
Austria,7.119,12.0,1.08383,1.45038,0.80565,0.54355,0.21348,2016,7.684141657,0.915
United States,7.104,13.0,1.04782,1.50796,0.779,0.48163,0.14868,2016,16.24694746,0.922
Costa Rica,7.087,14.0,1.02152,1.06879,0.76146,0.55225,0.10547,2016,1.617134535,0.803
Germany,6.994,16.0,1.09774,1.44787,0.81487,0.53466,0.28551,2016,9.741451444,0.941
Brazil,6.952,17.0,1.03938,1.08754,0.61415,0.40425,0.14166,2016,2.390088781,0.755
Belgium,6.929,18.0,1.05249,1.42539,0.81959,0.51354,0.26248,2016,8.795878609,0.927
Ireland,6.907,19.0,1.16157,1.48341,0.81455,0.54008,0.29754,2016,8.551467179,0.929
Luxembourg,6.871,20.0,1.03999,1.69752,0.84542,0.5487,0.35329,2016,15.6969879,0.923
Mexico,6.778,21.0,0.7146,1.11508,0.71143,0.37709,0.18355,2016,3.914577835,0.772
Singapore,6.739,22.0,0.86758,1.64555,0.94719,0.4877,0.46987,2016,7.123683634,0.934
United Kingdom,6.725,23.0,1.08672,1.40283,0.80991,0.50036,0.27399,2016,6.023375325,0.927
Chile,6.705,24.0,0.90587,1.2167,0.81883,0.37789,0.11451,2016,4.634613919,0.85
Panama,6.701,25.0,0.98912,1.18306,0.70835,0.48927,0.08423,2016,2.614564296,0.805
Argentina,6.65,26.0,1.06612,1.15137,0.69711,0.42284,0.07296,2016,4.389426792,0.847
Czech Republic,6.596,27.0,1.00793,1.30915,0.76376,0.41418,0.03986,2016,10.04678752,0.895
United Arab Emirates,6.573,28.0,0.87114,1.57352,0.72993,0.56215,0.35561,2016,22.93208617,0.87
Uruguay,6.545,29.0,1.03143,1.18157,0.72183,0.54388,0.21394,2016,1.904250687,0.815
Malta,6.488,30.0,1.09879,1.30782,0.80315,0.54994,0.17554,2016,3.222677524,0.891
Colombia,6.481,31.0,1.02169,1.03032,0.59659,0.44735,0.05399,2016,1.935483121,0.759
France,6.478,32.0,1.00508,1.39488,0.83795,0.46562,0.17808,2016,5.158359374,0.895
Thailand,6.474,33.0,1.04477,1.0893,0.64915,0.49553,0.02833,2016,4.109455195,0.785
Saudi Arabia,6.379,34.0,0.84829,1.48953,0.59267,0.37904,0.30008,2016,19.69755248,0.864
Spain,6.361,37.0,1.12945,1.34253,0.87896,0.37545,0.06137,2016,5.591568752,0.895
Algeria,6.355,38.0,0.83309,1.05266,0.61804,0.21006,0.16157,2016,3.67259156,0.743
Guatemala,6.324,39.0,0.87119,0.83454,0.54039,0.50379,0.08701,2016,1.019895223,0.639
Kuwait,6.239,41.0,0.87758,1.61714,0.63569,0.43166,0.23669,2016,25.48948349,0.833
Bahrain,6.218,42.0,0.94397,1.44024,0.65696,0.47375,0.25772,2016,22.00377054,0.865
Venezuela,6.084,44.0,1.03302,1.13367,0.61904,0.19847,0.08304,2016,5.677379393,0.757
Slovakia,6.078,45.0,1.08268,1.27973,0.70367,0.23391,0.02947,2016,6.404976256,0.854
El Salvador,6.068,46.0,0.80975,0.8737,0.596,0.37269,0.10613,2016,1.04557119,0.671
Malaysia,6.005,47.0,0.88025,1.25142,0.62366,0.39031,0.09081,2016,8.16566483,0.803
Nicaragua,5.992,48.0,0.89521,0.69384,0.65213,0.46582,0.16292,2016,0.853858217,0.653
Uzbekistan,5.987,49.0,1.1681,0.73591,0.50163,0.60848,0.28333,2016,3.440288679,0.709
Italy,5.977,50.0,1.04167,1.35495,0.85102,0.18827,0.02556,2016,5.902450354,0.887
Ecuador,5.976,51.0,0.85974,0.97306,0.68613,0.4027,0.18037,2016,2.395471598,0.762
Japan,5.921,53.0,1.06054,1.38007,0.91491,0.46761,0.18985,2016,9.421471031,0.921
Kazakhstan,5.919,54.0,0.95544,1.22943,0.57386,0.4052,0.11132,2016,16.19019701,0.805
Moldova,5.897,55.0,0.83132,0.69177,0.52309,0.25202,0.01903,2016,1.206022908,0.756
Russia,5.856,56.0,1.05261,1.23228,0.58991,0.32682,0.03586,2016,11.141591,0.828
Poland,5.835,57.0,1.04685,1.24585,0.69058,0.4519,0.055,2016,8.537729914,0.872
South Korea,5.835,57.0,0.72194,1.35948,0.88645,0.25168,0.07716,2016,12.53854951,0.912
Bolivia,5.822,59.0,0.83779,0.79422,0.4697,0.50961,0.07746,2016,2.066341945,0.701
Lithuania,5.813,60.0,1.06411,1.2692,0.64674,0.18929,0.0182,2016,4.620466044,0.868
Belarus,5.802,61.0,1.04993,1.13062,0.63104,0.29091,0.17457,2016,6.336402932,0.813
Slovenia,5.768,63.0,1.05613,1.29947,0.79151,0.53164,0.03635,2016,6.954599582,0.91
Peru,5.743,64.0,0.81255,0.99602,0.62994,0.37502,0.05292,2016,1.704696548,0.765
Turkmenistan,5.658,65.0,1.03817,1.08017,0.44006,0.37408,0.28467,2016,12.39126457,0.742
Mauritius,5.648,66.0,0.75695,1.14372,0.66189,0.46145,0.05203,2016,3.443712283,0.801
Libya,5.615,67.0,0.95076,1.06688,0.52304,0.40672,0.10339,2016,8.23841118,0.696
Latvia,5.56,68.0,0.95025,1.21788,0.63952,0.27996,0.0889,2016,3.652142113,0.855
Cyprus,5.546,69.0,0.70697,1.31857,0.8488,0.29507,0.05228,2016,6.300702366,0.877
Paraguay,5.538,70.0,1.11111,0.89373,0.58295,0.46235,0.07396,2016,1.059742645,0.721
Romania,5.528,71.0,0.72803,1.1697,0.67602,0.36712,0.00679,2016,3.74576341,0.816
Estonia,5.517,72.0,1.05163,1.27964,0.68098,0.41511,0.18519,2016,13.34384091,0.885
Jamaica,5.51,73.0,0.96372,0.89333,0.59469,0.43597,0.04294,2016,2.808925359,0.712
Croatia,5.488,74.0,0.60809,1.18649,0.70524,0.23907,0.04002,2016,4.296699949,0.848
Turkey,5.389,78.0,0.87717,1.16492,0.64718,0.23889,0.12348,2016,5.026310923,0.823
Indonesia,5.314,79.0,0.87625,0.95104,0.49374,0.39237,0.00322,2016,2.144264261,0.699
Jordan,5.303,80.0,0.86216,0.99673,0.60712,0.36023,0.13297,2016,2.548133895,0.718
Azerbaijan,5.291,81.0,0.76042,1.12373,0.54504,0.35327,0.17914,2016,3.805930192,0.75
Philippines,5.279,82.0,0.87877,0.81217,0.47036,0.54854,0.11757,2016,1.179170367,0.7
China,5.245,83.0,0.79381,1.0278,0.73561,0.44012,0.02745,2016,6.874190136,0.74
Kyrgyzstan,5.185,85.0,0.95434,0.56044,0.55449,0.40212,0.04762,2016,1.588026992,0.693
Serbia,5.177,86.0,0.81329,1.03437,0.6458,0.15718,0.04339,2016,5.08636641,0.8
Bosnia and Herzegovina,5.163,87.0,0.64367,0.93383,0.70766,0.09511,0.0,2016,6.418279013,0.77
Montenegro,5.161,88.0,0.74173,1.07838,0.63533,0.15111,0.12721,2016,3.212682379,0.824
Dominican Republic,5.155,89.0,0.99496,1.02787,0.57669,0.52259,0.12372,2016,2.370187909,0.755
Morocco,5.151,90.0,0.38595,0.84058,0.59471,0.25646,0.08404,2016,1.664209675,0.661
Hungary,5.145,91.0,0.93164,1.24142,0.67608,0.1977,0.04472,2016,4.826424758,0.843
Pakistan,5.132,92.0,0.26135,0.68816,0.40306,0.14622,0.1388,2016,1.016634212,0.541
Lebanon,5.129,93.0,0.64184,1.12268,0.76171,0.26228,0.03061,2016,3.946930431,0.743
Portugal,5.123,94.0,0.94367,1.27607,0.79363,0.44727,0.01521,2016,4.88674779,0.853
Vietnam,5.061,96.0,0.79117,0.74037,0.66157,0.55954,0.11556,2016,2.058572525,0.688
Tunisia,5.045,98.0,0.43165,0.97724,0.59577,0.23553,0.0817,2016,2.56616606,0.737
Greece,5.033,99.0,0.75473,1.24886,0.80029,0.05822,0.04127,2016,6.723641651,0.877
Tajikistan,4.996,100.0,0.75602,0.48835,0.53119,0.43408,0.13509,2016,0.74333021,0.66
Mongolia,4.907,101.0,1.08983,0.98853,0.55469,0.35972,0.03285,2016,8.286545712,0.733
Nigeria,4.875,103.0,0.64498,0.75216,0.05108,0.27854,0.0305,2016,0.622827758,0.521
Honduras,4.871,104.0,0.75596,0.69429,0.58383,0.26755,0.06906,2016,1.002395156,0.618
Iran,4.813,105.0,0.38857,1.11758,0.64232,0.22544,0.0557,2016,8.010678047,0.786
Zambia,4.795,106.0,0.6376,0.61202,0.23573,0.42662,0.11479,2016,0.345837659,0.564
Nepal,4.793,107.0,0.69699,0.44626,0.50073,0.37012,0.07008,2016,0.357988666,0.586
Palestinian Territories,4.754,108.0,0.71629,0.67024,0.56844,0.17744,0.10613,2016,0.697118465,0.715
Albania,4.655,109.0,0.50163,0.9553,0.73007,0.31866,0.05301,2016,1.556278015,0.798
Bangladesh,4.643,110.0,0.24749,0.54177,0.52989,0.39778,0.12583,2016,0.48410228,0.612
Sierra Leone,4.635,111.0,0.628,0.36485,0.0,0.30685,0.08196,2016,0.123486219,0.457
Iraq,4.575,112.0,0.59205,1.07474,0.51076,0.24856,0.13636,2016,5.308878579,0.679
Cameroon,4.513,114.0,0.62542,0.52497,0.12698,0.42736,0.06126,2016,0.326632953,0.564
Ethiopia,4.508,115.0,0.37932,0.29283,0.34578,0.36703,0.1717,2016,0.138483789,0.47
South Africa,4.459,116.0,0.96053,1.02416,0.18611,0.42483,0.08415,2016,8.268787844,0.719
Sri Lanka,4.415,117.0,0.84783,0.97318,0.62007,0.50817,0.07964,2016,1.095424227,0.767
India,4.404,118.0,0.29247,0.74036,0.45091,0.40285,0.08722,2016,1.79855959,0.639
Myanmar,4.395,119.0,0.69981,0.34112,0.3988,0.42692,0.20243,2016,0.479538196,0.572
Egypt,4.362,120.0,0.49813,0.95395,0.52116,0.18847,0.10393,2016,2.478876185,0.713
Armenia,4.36,121.0,0.62477,0.86086,0.64083,0.14037,0.03616,2016,1.772052655,0.765
Kenya,4.356,122.0,0.7624,0.52267,0.30147,0.40576,0.06686,2016,0.349754607,0.569
Ukraine,4.324,123.0,1.01413,0.87287,0.58628,0.12859,0.01829,2016,5.233429341,0.779
Ghana,4.276,124.0,0.49353,0.63107,0.29681,0.40973,0.0326,2016,0.580968048,0.611
Georgia,4.252,126.0,0.19249,0.83792,0.64035,0.32461,0.3188,2016,2.506867225,0.794
Congo (Brazzaville),4.236,127.0,0.47799,0.77109,0.28212,0.37938,0.09753,2016,0.743305154,0.586
Senegal,4.219,128.0,0.77416,0.44314,0.40457,0.31056,0.11681,2016,0.668001955,0.507
Bulgaria,4.217,129.0,0.92542,1.11306,0.67806,0.21219,0.00615,2016,6.362234204,0.809
Mauritania,4.201,130.0,0.84142,0.61391,0.28639,0.1268,0.17955,2016,0.608978,0.541
Zimbabwe,4.193,131.0,0.71478,0.35041,0.1595,0.25429,0.08582,2016,0.765313377,0.588
Malawi,4.156,132.0,0.147,0.08709,0.29364,0.4143,0.07564,2016,0.075930263,0.498
Gabon,4.121,134.0,0.72368,1.15851,0.3494,0.28098,0.09314,2016,2.709882547,0.702
Mali,4.073,135.0,0.86333,0.31292,0.16347,0.27544,0.13647,2016,0.185311322,0.421
Haiti,4.028,136.0,0.29561,0.34097,0.27494,0.12072,0.14476,2016,0.275194489,0.532
Botswana,3.974,137.0,0.89186,1.09426,0.34752,0.44089,0.10769,2016,2.932275026,0.713
Ivory Coast,3.916,139.0,0.57576,0.55507,0.04476,0.40663,0.1553,2016,0.49524584,0.524
Cambodia,3.907,140.0,0.5375,0.55604,0.42494,0.58852,0.08092,2016,0.668089872,0.581
Niger,3.856,142.0,0.6053,0.1327,0.26162,0.38041,0.17176,2016,0.09929867,0.383
Chad,3.763,144.0,0.63178,0.42214,0.03824,0.12807,0.04952,2016,0.069559377,0.391
Burkina Faso,3.739,145.0,0.63054,0.31995,0.21297,0.3337,0.12533,2016,0.181316919,0.427
Uganda,3.739,145.0,0.90981,0.34719,0.19625,0.43653,0.06442,2016,0.120817169,0.519
Yemen,3.724,147.0,0.47493,0.57939,0.31048,0.2287,0.05892,2016,0.383790495,0.467
Madagascar,3.695,148.0,0.46115,0.27954,0.37109,0.13684,0.07506,2016,0.13068015,0.505
Tanzania,3.666,149.0,0.77623,0.47155,0.357,0.3176,0.05099,2016,0.204962447,0.524
Liberia,3.622,150.0,0.50353,0.10706,0.23165,0.25748,0.04852,2016,0.295958805,0.478
Guinea,3.607,151.0,0.3109,0.22415,0.18829,0.30953,0.1192,2016,0.233787673,0.45
Rwanda,3.515,152.0,0.61586,0.32846,0.31865,0.5432,0.50521,2016,0.088817839,0.524
Benin,3.484,153.0,0.10419,0.39499,0.21028,0.39747,0.06681,2016,0.607088094,0.53
Afghanistan,3.36,154.0,0.11037,0.38227,0.17344,0.1643,0.07112,2016,0.190616791,0.481
Togo,3.303,155.0,0.0,0.28123,0.24811,0.34678,0.11587,2016,0.307112523,0.518
Burundi,2.905,157.0,0.23442,0.06831,0.15747,0.0432,0.09419,2016,0.044569053,0.43
Norway,1.0,7.53700017929077,1.53352355957031,1.61646318435669,0.796666502952576,0.635422587394714,0.315963834524155,2017,8.377883083,0.959
Denmark,2.0,7.52199983596802,1.55112159252167,1.48238301277161,0.792565524578094,0.626006722450256,0.40077006816864,2017,6.060962892,0.944
Iceland,3.0,7.50400018692017,1.6105740070343,1.480633020401,0.833552122116089,0.627162635326385,0.153526559472084,2017,10.78042902,0.954
Switzerland,4.0,7.49399995803833,1.51691174507141,1.56497955322266,0.858131289482117,0.620070576667786,0.367007285356522,2017,4.515537494,0.957
Finland,5.0,7.4689998626709,1.5402467250824,1.44357192516327,0.80915766954422,0.617950856685638,0.38261154294014,2017,8.101813505,0.934
Netherlands,6.0,7.3769998550415,1.42893922328949,1.50394463539124,0.810696125030518,0.585384488105774,0.282661825418472,2017,9.55330386,0.937
Canada,7.0,7.31599998474121,1.48134899139404,1.47920441627502,0.83455765247345,0.611100912094116,0.287371516227722,2017,15.50035194,0.931
New Zealand,8.0,7.31400012969971,1.54819512367249,1.40570604801178,0.816759705543518,0.614062130451202,0.382816702127457,2017,7.625380846,0.935
Sweden,9.0,7.28399991989136,1.47816216945648,1.49438726902008,0.830875158309937,0.612924098968506,0.384398728609085,2017,4.300267262,0.941
Australia,10.0,7.28399991989136,1.51004195213318,1.484414935112,0.84388679265976,0.601607382297516,0.301183730363846,2017,16.87035228,0.937
Israel,11.0,7.21299982070923,1.37628996372223,1.37538242340088,0.83840399980545,0.405988603830338,0.0852421000599861,2017,7.141470828,0.917
Costa Rica,12.0,7.0789999961853,1.41640365123749,1.10970628261566,0.759509265422821,0.580131649971008,0.100106589496136,2017,1.679126715,0.807
Austria,13.0,7.00600004196167,1.4599449634552,1.48709726333618,0.815328419208527,0.567766189575195,0.221060365438461,2017,7.89112032,0.916
United States,14.0,6.99300003051758,1.41992056369781,1.54625928401947,0.77428662776947,0.505740523338318,0.135638788342476,2017,16.01967242,0.924
Ireland,15.0,6.97700023651123,1.55823111534119,1.53570663928986,0.80978262424469,0.573110342025757,0.29838815331459,2017,8.232927207,0.934
Germany,16.0,6.95100021362305,1.47252035140991,1.48792338371277,0.798950731754303,0.562511384487152,0.276731938123703,2017,9.507597709,0.944
Belgium,17.0,6.89099979400635,1.46231269836426,1.46378076076508,0.818091869354248,0.539770722389221,0.251343131065369,2017,8.708432095,0.931
Luxembourg,18.0,6.86299991607666,1.45758366584778,1.74194359779358,0.845089495182037,0.59662789106369,0.31883442401886,2017,15.64646652,0.919
United Kingdom,19.0,6.71400022506714,1.49646008014679,1.44163393974304,0.805335938930511,0.508190035820007,0.265428066253662,2017,5.808181432,0.93
Chile,20.0,6.65199995040894,1.28402495384216,1.25278460979462,0.819479703903198,0.376895278692245,0.0822879821062088,2017,4.550297911,0.853
United Arab Emirates,21.0,6.64799976348877,1.26641023159027,1.62634336948395,0.726798236370087,0.60834527015686,0.324489563703537,2017,17.79568752,0.897
Brazil,22.0,6.63500022888184,1.43130600452423,1.10735321044922,0.616552352905273,0.437453746795654,0.111092761158943,2017,2.40941389,0.759
Czech Republic,23.0,6.60900020599365,1.43388521671295,1.35268235206604,0.754444003105164,0.490946173667908,0.0368729270994663,2017,10.11300218,0.897
Argentina,24.0,6.59899997711182,1.44045114517212,1.18529546260834,0.695137083530426,0.494519203901291,0.059739887714386,2017,4.274395193,0.851
Mexico,25.0,6.57800006866455,1.210862159729,1.15318381786346,0.709978997707367,0.412730008363724,0.132774114608765,2017,3.685358728,0.775
Singapore,26.0,6.57200002670288,1.35381436347961,1.69227766990662,0.949492394924164,0.549840569496155,0.46430778503418,2017,6.84395925,0.935
Malta,27.0,6.52699995040894,1.48841166496277,1.34327983856201,0.821944236755371,0.588767051696777,0.153066068887711,2017,3.560818664,0.901
Uruguay,28.0,6.4539999961853,1.41222786903381,1.21755969524384,0.719216823577881,0.57939225435257,0.178061872720718,2017,1.793204469,0.819
Guatemala,29.0,6.4539999961853,1.25558519363403,0.872001945972443,0.540239989757538,0.531310617923737,0.0772232785820961,2017,1.022283811,0.64
Panama,30.0,6.4520001411438,1.37319254875183,1.23374843597412,0.706156134605408,0.550026834011078,0.070983923971653,2017,2.730126774,0.811
France,31.0,6.44199991226196,1.38777685165405,1.43092346191406,0.844465851783752,0.470222115516663,0.172502428293228,2017,5.197140043,0.898
Thailand,32.0,6.42399978637695,1.42579245567322,1.12786877155304,0.647239029407501,0.580200731754303,0.0316127352416515,2017,4.131778429,0.79
Spain,34.0,6.40299987792969,1.53209090232849,1.38439786434174,0.888960599899292,0.408781230449677,0.0709140971302986,2017,5.887612925,0.897
Colombia,36.0,6.35699987411499,1.4021829366684,1.07062232494354,0.595027923583984,0.477487415075302,0.0466687418520451,2017,1.76438528,0.761
Saudi Arabia,37.0,6.3439998626709,1.28667759895325,1.53062355518341,0.590148329734802,0.449750572443008,0.27343225479126,2017,19.31586787,0.86
Kuwait,39.0,6.10500001907349,1.25969874858856,1.63295245170593,0.632105708122253,0.496337592601776,0.215159550309181,2017,23.45716907,0.835
Slovakia,40.0,6.09800004959106,1.50505924224854,1.32539355754852,0.712732911109924,0.295817464590073,0.0242108516395092,2017,6.613667652,0.856
Bahrain,41.0,6.08699989318848,1.32311046123505,1.48841226100922,0.653133034706116,0.536746919155121,0.257042169570923,2017,21.81361591,0.869
Malaysia,42.0,6.08400011062622,1.28464603424072,1.29121541976929,0.618784427642822,0.402264982461929,0.0656007081270218,2017,8.055430047,0.805
Nicaragua,43.0,6.07100009918213,1.28721570968628,0.737299203872681,0.653095960617065,0.447551846504211,0.130687981843948,2017,0.862072476,0.659
Ecuador,44.0,6.00799989700317,1.28616881370544,1.00082039833069,0.685636222362518,0.4551981985569,0.140134647488594,2017,2.339896056,0.762
El Salvador,45.0,6.00299978256226,1.18212509155273,0.909784495830536,0.596018552780151,0.432452529668808,0.0899809598922729,2017,0.941715927,0.674
Poland,46.0,5.97300004959106,1.44571197032928,1.29178786277771,0.699475347995758,0.520342111587524,0.0593078061938286,2017,8.897351948,0.875
Uzbekistan,47.0,5.97100019454956,1.54896914958954,0.786441087722778,0.498272627592087,0.658248662948608,0.246528223156929,2017,3.352750965,0.715
Italy,48.0,5.96400022506714,1.44492328166962,1.39506661891937,0.853144347667694,0.256450712680817,0.0280280914157629,2017,5.815532829,0.888
Russia,49.0,5.96299982070923,1.46928238868713,1.28177809715271,0.547349333763123,0.373783111572266,0.0329628810286522,2017,11.31351661,0.833
Japan,51.0,5.92000007629395,1.43633782863617,1.41691517829895,0.913475871086121,0.505625545978546,0.163760736584663,2017,9.318411038,0.922
Lithuania,52.0,5.90199995040894,1.47351610660553,1.31458234786987,0.62894994020462,0.234231784939766,0.0118656428530812,2017,4.769710137,0.876
Algeria,53.0,5.87200021743774,1.1462174654007,1.09186446666718,0.617584645748138,0.233335807919502,0.146096110343933,2017,3.743383327,0.744
Latvia,54.0,5.84999990463257,1.40471494197845,1.26074862480164,0.638566970825195,0.325707912445068,0.0738427266478539,2017,3.69786843,0.86
South Korea,55.0,5.83799982070923,1.12827444076538,1.40167844295502,0.900214076042175,0.257921665906906,0.0632826685905457,2017,12.83352462,0.916
Moldova,56.0,5.83799982070923,1.25182557106018,0.728870630264282,0.589465200901031,0.240729048848152,0.0100912861526012,2017,1.285937526,0.765
Romania,57.0,5.82499980926514,1.15009129047394,1.21768391132355,0.685158312320709,0.457003742456436,0.00438790069893,2017,3.928117522,0.823
Bolivia,58.0,5.82299995422363,1.22761905193329,0.833756566047668,0.473630249500275,0.558732926845551,0.0604777261614799,2017,2.105075068,0.708
Turkmenistan,59.0,5.82200002670288,1.49314916133881,1.13077676296234,0.437726080417633,0.41827192902565,0.259270340204239,2017,12.19789196,0.741
Kazakhstan,60.0,5.81899976730347,1.38436901569366,1.28455626964569,0.606041550636292,0.437454283237457,0.119282886385918,2017,17.03034162,0.811
Slovenia,62.0,5.75799989700317,1.45251882076263,1.3412059545517,0.790828227996826,0.572575807571411,0.0451289787888527,2017,7.027519825,0.913
Peru,63.0,5.71500015258789,1.21877038478851,1.03522527217865,0.630166113376617,0.450002878904343,0.0470490865409374,2017,1.708484635,0.77
Mauritius,64.0,5.62900018692017,1.20956099033356,1.18939554691315,0.638007462024689,0.491247326135635,0.0421815551817417,2017,3.587191449,0.805
Cyprus,65.0,5.62099981307983,1.13136327266693,1.35593807697296,0.84471470117569,0.355111539363861,0.0412379764020443,2017,6.377248707,0.887
Estonia,66.0,5.61100006103516,1.47667109966278,1.32087934017181,0.695168316364288,0.479131430387497,0.183248922228813,2017,14.24029286,0.887
Belarus,67.0,5.56899976730347,1.44494521617889,1.15655755996704,0.637714266777039,0.295400261878967,0.156313821673393,2017,6.361294237,0.817
Libya,68.0,5.52500009536743,1.35756433010101,1.10180306434631,0.520169019699097,0.465733230113983,0.0926102101802826,2017,8.266370083,0.714
Turkey,69.0,5.5,1.33775317668915,1.19827437400818,0.637605607509613,0.300740599632263,0.0996715798974037,2017,5.243439524,0.833
Paraguay,70.0,5.49300003051758,1.50728487968445,0.932537317276001,0.579250693321228,0.473507791757584,0.091065913438797,2017,1.175641224,0.724
Philippines,72.0,5.42999982833862,1.25391757488251,0.85769921541214,0.468009054660797,0.585214674472809,0.0993318930268288,2017,1.282666618,0.704
Serbia,73.0,5.39499998092651,1.25818979740143,1.06931757926941,0.65078467130661,0.208715528249741,0.0409037806093693,2017,5.156038284,0.802
Jordan,74.0,5.33599996566772,1.23908889293671,0.991012394428253,0.604590058326721,0.418421149253845,0.11980327218771,2017,2.612069292,0.718
Hungary,75.0,5.32399988174438,1.34313309192657,1.2860119342804,0.687763452529907,0.175863519310951,0.0366369374096394,2017,5.082548778,0.845
Jamaica,76.0,5.31099987030029,1.36821806430817,0.925579309463501,0.641022384166718,0.474307239055634,0.0552677810192108,2017,2.669601431,0.715
Croatia,77.0,5.29300022125244,0.96798300743103,1.22255623340607,0.701288521289825,0.255772292613983,0.0431031100451946,2017,4.474955754,0.852
China,79.0,5.27299976348877,1.16083741188049,1.08116579055786,0.741415500640869,0.472787708044052,0.0227942746132612,2017,6.981215392,0.747
Pakistan,80.0,5.26900005340576,0.672690689563751,0.72688353061676,0.402047783136368,0.23521526157856,0.124348066747189,2017,1.125399771,0.543
Indonesia,81.0,5.26200008392334,1.27444469928741,0.995538592338562,0.492345720529556,0.443323463201523,0.0153171354904771,2017,2.173337265,0.704
Venezuela,82.0,5.25,1.43133759498596,1.12843120098114,0.617144227027893,0.153997123241425,0.0644911229610443,2017,5.49394058,0.744
Montenegro,83.0,5.23699998855591,1.23837649822235,1.12112903594971,0.667464673519135,0.194989055395126,0.0881741940975189,2017,3.351217328,0.83
Morocco,84.0,5.2350001335144,0.774864435195923,0.878114581108093,0.59771066904068,0.408158332109451,0.0877631828188896,2017,1.732052453,0.67
Azerbaijan,85.0,5.23400020599365,1.15240025520325,1.15360176563263,0.540775775909424,0.398155838251114,0.180987507104874,2017,3.730696412,0.753
Dominican Republic,86.0,5.23000001907349,1.40241670608521,1.07937383651733,0.574873745441437,0.55258983373642,0.113945253193378,2017,2.284472787,0.757
Greece,87.0,5.22700023651123,1.23941457271576,1.28948748111725,0.810198903083801,0.0957312509417534,0.04328977689147,2017,7.08221336,0.88
Lebanon,88.0,5.22499990463257,1.12962424755096,1.07498753070831,0.735081076622009,0.288515985012054,0.037513829767704,2017,4.102561922,0.75
Portugal,89.0,5.19500017166138,1.36704301834106,1.3151752948761,0.795843541622162,0.498465299606323,0.0158694516867399,2017,5.368183414,0.859
Bosnia and Herzegovina,90.0,5.18200016021729,1.0693359375,0.982409417629242,0.705186307430267,0.204403176903725,0.0,2017,6.51020058,0.772
Honduras,91.0,5.18100023269653,1.14394497871399,0.730573117733002,0.582569479942322,0.348079860210419,0.0733454525470734,2017,0.939356007,0.617
Vietnam,94.0,5.07399988174438,1.27749133110046,0.788547575473785,0.652168989181519,0.571055591106415,0.0876332372426987,2017,2.063931951,0.692
Nigeria,95.0,5.07399988174438,1.21577048301697,0.783756256103516,0.0569157302379608,0.394952565431595,0.0261215660721064,2017,0.597482379,0.526
Tajikistan,96.0,5.04099988937378,1.27146327495575,0.524713635444641,0.529235124588013,0.471566706895828,0.146377146244049,2017,0.885671468,0.665
Kyrgyzstan,98.0,5.00400018692017,1.39423859119415,0.596220076084137,0.553457796573639,0.454943388700485,0.0394391790032387,2017,1.510259005,0.696
Nepal,99.0,4.96199989318848,1.17928326129913,0.479820191860199,0.504130780696869,0.440305948257446,0.0729755461215973,2017,0.42151176,0.594
Mongolia,100.0,4.95499992370605,1.4930112361908,1.02723586559296,0.557783484458923,0.394143968820572,0.0329022891819477,2017,11.00422444,0.732
South Africa,101.0,4.8289999961853,1.38478863239288,1.05469870567322,0.187080070376396,0.479246735572815,0.0725094974040985,2017,8.142443199,0.72
Tunisia,102.0,4.80499982833862,0.868351459503174,1.00726580619812,0.613212049007416,0.289680689573288,0.0867231488227844,2017,2.556666439,0.74
Palestinian Territories,103.0,4.77500009536743,1.15564715862274,0.716249227523804,0.565666973590851,0.25471106171608,0.0892826020717621,2017,0.688465077,0.719
Egypt,104.0,4.7350001335144,0.997471392154694,0.989701807498932,0.520187258720398,0.282110154628754,0.114381365478039,2017,2.598486803,0.721
Bulgaria,105.0,4.71400022506714,1.43437945842743,1.1614590883255,0.708217680454254,0.289231717586517,0.0110515309497714,2017,6.699426282,0.808
Sierra Leone,106.0,4.70900011062622,0.984136044979095,0.36842092871666,0.0055647538974881,0.318697690963745,0.0710951760411263,2017,0.121833395,0.466
Cameroon,107.0,4.69500017166138,0.946018218994141,0.564305365085602,0.132892116904259,0.430388748645782,0.0513066314160824,2017,0.31337935,0.571
Iran,108.0,4.69199991226196,0.711551249027252,1.15687310695648,0.639333188533783,0.249322608113289,0.048761073499918,2017,8.828831259,0.789
Albania,109.0,4.64400005340576,0.803685247898102,0.996192753314972,0.731159746646881,0.381498634815216,0.0398642159998417,2017,1.838241795,0.802
Bangladesh,110.0,4.60799980163574,0.735131740570068,0.586682975292206,0.533241033554077,0.478356659412384,0.123717859387398,2017,0.506893478,0.622
Kenya,112.0,4.55299997329712,1.06795072555542,0.560479462146759,0.309988349676132,0.452763766050339,0.0646413192152977,2017,0.325008539,0.572
Myanmar,114.0,4.54500007629395,1.12323594093323,0.367110550403595,0.397522568702698,0.514492034912109,0.188816204667091,2017,0.463966456,0.58
Senegal,115.0,4.53499984741211,1.17969191074371,0.479309022426605,0.409362852573395,0.377922266721725,0.115460447967052,2017,0.69690334,0.509
Zambia,116.0,4.51399993896484,1.00318729877472,0.636406779289246,0.257835894823074,0.461603492498398,0.0782135501503944,2017,0.386694854,0.568
Iraq,117.0,4.49700021743774,0.978613197803497,1.10271048545837,0.501180469989777,0.288555532693863,0.107215754687786,2017,5.637481283,0.685
Gabon,118.0,4.46500015258789,1.1556202173233,1.1982102394104,0.356578588485718,0.312328577041626,0.0760467872023582,2017,2.226922114,0.706
Ethiopia,119.0,4.46000003814697,0.86466920375824,0.339233845472336,0.353409707546234,0.408842742443085,0.165455713868141,2017,0.143213448,0.48
Sri Lanka,120.0,4.44000005722046,1.25997638702393,1.00985014438629,0.625130832195282,0.561213254928589,0.0736539661884308,2017,1.090044733,0.771
Armenia,121.0,4.37599992752075,1.00748372077942,0.900596737861633,0.637524425983429,0.198303267359734,0.0266744215041399,2017,1.880133429,0.768
India,122.0,4.31500005722046,0.754372596740723,0.792221248149872,0.455427616834641,0.469987004995346,0.0922268852591515,2017,1.81810563,0.644
Mauritania,123.0,4.29199981689453,1.2720308303833,0.648457288742065,0.285349279642105,0.0960980430245399,0.136957004666328,2017,0.833308037,0.545
Congo (Brazzaville),124.0,4.29099988937378,0.832044363021851,0.808964252471924,0.28995743393898,0.435025870800018,0.0796181336045265,2017,0.697595924,0.58
Georgia,125.0,4.28599977493286,0.57061493396759,0.950612664222717,0.649546980857849,0.309410035610199,0.251666635274887,2017,2.539341774,0.8
Mali,127.0,4.19000005722046,1.28147339820862,0.476180493831635,0.169365674257278,0.306613743305206,0.104970246553421,2017,0.190920371,0.426
Ivory Coast,128.0,4.17999982833862,0.904780030250549,0.603048920631409,0.0486421696841717,0.447706192731857,0.130061775445938,2017,0.485336657,0.534
Cambodia,129.0,4.16800022125244,1.00623834133148,0.601765096187592,0.429783403873444,0.633375823497772,0.0681059509515762,2017,0.804208325,0.586
Ghana,131.0,4.11999988555908,0.873664736747742,0.667224824428558,0.295637726783752,0.423026293516159,0.0253363698720932,2017,0.471799753,0.616
Ukraine,132.0,4.09600019454956,1.39453756809235,0.89465194940567,0.575903952121735,0.122974775731564,0.0230294708162546,2017,5.014531092,0.782
Uganda,133.0,4.08099985122681,1.12982773780823,0.381430715322495,0.217632606625557,0.443185955286026,0.057069718837738,2017,0.130530614,0.52
Burkina Faso,134.0,4.03200006484985,1.04328000545502,0.3502277135849,0.215844258666039,0.324367851018906,0.120328105986118,2017,0.20516605,0.438
Niger,135.0,4.02799987792969,0.993025004863739,0.161925330758095,0.26850500702858,0.36365869641304,0.138572946190834,2017,0.092846243,0.39
Malawi,136.0,3.97000002861023,0.512568831443787,0.233442038297653,0.315089583396912,0.466914653778076,0.0727116540074348,2017,0.077203445,0.505
Chad,137.0,3.93600010871887,0.953855872154236,0.438012987375259,0.0411347150802612,0.16234202682972,0.0535818822681904,2017,0.068982955,0.393
Zimbabwe,138.0,3.875,1.08309590816498,0.375846534967422,0.196763753890991,0.336384207010269,0.0953753814101219,2017,0.673026099,0.594
Afghanistan,141.0,3.79399991035461,0.581543326377869,0.401477217674255,0.180746778845787,0.106179520487785,0.0611578300595284,2017,0.188995444,0.482
Botswana,142.0,3.76600003242493,1.22155499458313,1.12209415435791,0.341755509376526,0.505196332931519,0.0985831990838051,2017,3.201244399,0.722
Benin,143.0,3.65700006484985,0.435299843549728,0.431085407733917,0.209930211305618,0.425962775945663,0.0609290152788162,2017,0.620812267,0.53
Madagascar,144.0,3.64400005340576,0.913020372390747,0.305808693170547,0.375223308801651,0.189196765422821,0.0672319754958153,2017,0.16120522,0.507
Haiti,145.0,3.6029999256134,0.640449821949005,0.368610262870789,0.277321130037308,0.0303698573261499,0.0998721495270729,2017,0.282634908,0.539
Yemen,146.0,3.59299993515015,0.93538224697113,0.591683447360992,0.310080915689468,0.249463722109795,0.0567674227058887,2017,0.357501876,0.459
Liberia,148.0,3.53299999237061,0.872117936611176,0.119041793048382,0.229918196797371,0.332881182432175,0.0389482490718365,2017,0.261918504,0.481
Guinea,149.0,3.50699996948242,0.791244685649872,0.244549930095673,0.194129139184952,0.348587512969971,0.110937617719173,2017,0.268406455,0.458
Togo,150.0,3.49499988555908,0.431882530450821,0.305444717407227,0.247105568647385,0.38042613863945,0.0956650152802467,2017,0.287082869,0.524
Rwanda,151.0,3.47099995613098,0.945707023143768,0.368745893239975,0.326424807310104,0.581843852996826,0.455220013856888,2017,0.08768078,0.526
Tanzania,153.0,3.34899997711182,1.04198980331421,0.511135876178741,0.364509284496307,0.390017777681351,0.0660351067781448,2017,0.208683301,0.528
Burundi,154.0,2.90499997138977,0.629793584346771,0.091622568666935,0.151610791683197,0.0599007532000542,0.0841479450464249,2017,0.048988554,0.428
Finland,7.632,1.0,1.592,1.305,0.874,0.681,0.393,2018,8.302103946,0.936
Norway,7.594,2.0,1.582,1.456,0.861,0.686,0.34,2018,8.330707487,0.962
Denmark,7.555,3.0,1.59,1.351,0.868,0.683,0.408,2018,6.027753912,0.942
Iceland,7.495,4.0,1.644,1.343,0.914,0.677,0.138,2018,10.87988881,0.959
Switzerland,7.487,5.0,1.549,1.42,0.927,0.66,0.357,2018,4.324335229,0.959
Netherlands,7.441,6.0,1.488,1.361,0.878,0.638,0.295,2018,9.321459639,0.939
Canada,7.328,7.0,1.532,1.33,0.896,0.653,0.291,2018,15.62986503,0.933
New Zealand,7.324,8.0,1.601,1.268,0.876,0.669,0.389,2018,7.545479979,0.936
Sweden,7.314,9.0,1.501,1.355,0.913,0.659,0.383,2018,4.221513055,0.942
Australia,7.272,10.0,1.573,1.34,0.91,0.647,0.302,2018,16.70811553,0.941
United Kingdom,7.19,11.0,1.433,1.244,0.888,0.464,0.082,2018,5.687818316,0.929
Austria,7.139,12.0,1.504,1.341,0.891,0.617,0.224,2018,7.48650267,0.917
Costa Rica,7.072,13.0,1.459,1.01,0.817,0.632,0.101,2018,1.644623869,0.811
Ireland,6.977,14.0,1.583,1.448,0.876,0.614,0.306,2018,8.133994924,0.937
Germany,6.965,15.0,1.474,1.34,0.861,0.586,0.28,2018,9.072082766,0.945
Belgium,6.927,16.0,1.483,1.324,0.894,0.583,0.24,2018,8.72893627,0.933
Luxembourg,6.91,17.0,1.52,1.576,0.896,0.632,0.321,2018,15.8352986,0.922
United States,6.886,18.0,1.471,1.398,0.819,0.547,0.133,2018,16.4339712,0.927
Israel,6.814,19.0,1.559,1.301,0.883,0.533,0.272,2018,7.22376477,0.919
United Arab Emirates,6.774,20.0,0.776,2.096,0.67,0.284,,2018,16.01124042,0.909
Czech Republic,6.711,21.0,1.489,1.233,0.854,0.543,0.034,2018,9.950760744,0.894
Malta,6.627,22.0,1.525,1.27,0.884,0.645,0.142,2018,3.502121808,0.91
France,6.489,23.0,1.466,1.293,0.908,0.52,0.176,2018,4.960291819,0.901
Mexico,6.488,24.0,1.252,1.038,0.761,0.479,0.095,2018,3.608091424,0.777
Chile,6.476,25.0,1.331,1.131,0.808,0.431,0.061,2018,4.506838534,0.856
Panama,6.43,27.0,1.438,1.112,0.759,0.597,0.063,2018,2.56907746,0.814
Brazil,6.419,28.0,1.474,0.986,0.675,0.493,0.088,2018,2.309098502,0.764
Argentina,6.388,29.0,1.468,1.073,0.744,0.57,0.054,2018,4.082391913,0.85
Guatemala,6.382,30.0,1.268,0.781,0.608,0.604,0.071,2018,1.081085531,0.64
Uruguay,6.379,31.0,1.459,1.093,0.771,0.625,0.155,2018,1.905032492,0.819
Saudi Arabia,6.371,33.0,1.331,1.379,0.633,0.509,0.127,2018,18.45406055,0.865
Singapore,6.343,34.0,1.451,1.529,1.008,0.631,0.457,2018,7.989840728,0.94
Malaysia,6.322,35.0,1.258,1.161,0.669,0.356,0.059,2018,8.634519001,0.807
Spain,6.31,36.0,1.538,1.251,0.965,0.449,0.074,2018,5.776330933,0.901
Colombia,6.26,37.0,1.439,0.96,0.635,0.531,0.039,2018,1.709196713,0.763
Slovakia,6.173,39.0,1.537,1.21,0.776,0.354,0.014,2018,6.607263433,0.859
El Salvador,6.167,40.0,1.231,0.806,0.639,0.461,0.082,2018,0.992283451,0.68
Nicaragua,6.141,41.0,1.319,0.668,0.7,0.527,0.128,2018,0.816781252,0.662
Poland,6.123,42.0,1.448,1.176,0.781,0.546,0.064,2018,8.886554657,0.877
Bahrain,6.105,43.0,1.366,1.338,0.698,0.594,0.123,2018,20.77771392,0.879
Uzbekistan,6.096,44.0,1.584,0.719,0.605,0.724,0.259,2018,3.532803855,0.72
Kuwait,6.083,45.0,1.301,1.474,0.675,0.554,0.106,2018,23.10082005,0.836
Thailand,6.072,46.0,1.417,1.016,0.707,0.637,0.029,2018,3.97786481,0.795
Italy,6.0,47.0,1.501,1.264,0.946,0.281,0.028,2018,5.756819977,0.893
Ecuador,5.973,48.0,1.33,0.889,0.736,0.556,0.12,2018,2.219539066,0.762
Lithuania,5.952,50.0,1.527,1.197,0.716,0.35,0.006,2018,4.889292834,0.88
Slovenia,5.948,51.0,1.506,1.219,0.856,0.633,0.051,2018,6.975282469,0.917
Romania,5.945,52.0,1.219,1.116,0.726,0.528,0.001,2018,3.978690989,0.827
Latvia,5.933,53.0,1.454,1.148,0.671,0.363,0.066,2018,4.07548203,0.866
Japan,5.915,54.0,1.462,1.294,0.988,0.553,0.15,2018,8.98929399,0.923
Mauritius,5.891,55.0,1.387,1.09,0.684,0.584,0.05,2018,3.56222651,0.811
Jamaica,5.89,56.0,1.493,0.819,0.693,0.575,0.031,2018,2.739086569,0.716
South Korea,5.875,57.0,1.204,1.266,0.955,0.244,0.051,2018,13.12504023,0.919
Russia,5.81,59.0,1.479,1.151,0.599,0.399,0.025,2018,11.60776661,0.841
Kazakhstan,5.79,60.0,1.516,1.143,0.631,0.454,0.121,2018,17.31912205,0.814
Cyprus,5.762,61.0,1.191,1.229,0.909,0.423,0.035,2018,6.172131527,0.892
Bolivia,5.752,62.0,1.223,0.751,0.508,0.606,0.054,2018,2.101250914,0.714
Estonia,5.739,63.0,1.532,1.2,0.737,0.553,0.174,2018,13.56431228,0.891
Paraguay,5.681,64.0,1.522,0.835,0.615,0.541,0.074,2018,1.22327764,0.727
Peru,5.663,65.0,1.249,0.934,0.674,0.53,0.034,2018,1.708357743,0.776
Moldova,5.64,67.0,1.301,0.657,0.62,0.232,0.0,2018,1.3408132,0.768
Turkmenistan,5.636,68.0,1.533,1.016,0.517,0.417,0.037,2018,12.0403678,0.746
Hungary,5.62,69.0,1.401,1.171,0.732,0.259,0.022,2018,5.089673458,0.849
Libya,5.566,70.0,1.35,0.985,0.553,0.496,0.148,2018,7.989972088,0.722
Philippines,5.524,71.0,1.312,0.775,0.513,0.643,0.105,2018,1.318859461,0.71
Honduras,5.504,72.0,1.205,0.62,0.622,0.459,0.074,2018,1.04823749,0.617
Belarus,5.483,73.0,1.498,1.039,0.7,0.307,0.154,2018,6.449198143,0.818
Turkey,5.483,74.0,1.38,1.148,0.686,0.324,0.109,2018,5.093957393,0.839
Pakistan,5.472,75.0,0.81,0.652,0.424,0.334,0.113,2018,1.122875299,0.545
Portugal,5.41,77.0,1.429,1.188,0.884,0.562,0.017,2018,5.020615349,0.86
Serbia,5.398,78.0,1.369,0.975,0.685,0.288,0.043,2018,5.028085529,0.808
Greece,5.358,79.0,1.202,1.154,0.879,0.131,0.044,2018,6.824350999,0.886
Lebanon,5.358,80.0,1.179,0.965,0.785,0.503,0.136,2018,3.870771355,0.75
Montenegro,5.347,81.0,1.279,1.017,0.729,0.259,0.081,2018,3.822659439,0.834
Croatia,5.321,82.0,1.161,1.115,0.737,0.38,0.039,2018,4.258054737,0.856
Dominican Republic,5.302,83.0,1.441,0.982,0.614,0.578,0.106,2018,2.418157433,0.764
Algeria,5.295,84.0,1.154,0.979,0.687,0.077,0.135,2018,3.824120009,0.745
Morocco,5.254,85.0,0.797,0.779,0.669,0.46,0.074,2018,1.729022154,0.676
China,5.246,86.0,1.142,0.989,0.799,0.597,0.103,2018,7.207652756,0.755
Azerbaijan,5.201,87.0,1.161,1.024,0.603,0.43,0.176,2018,3.703418561,0.757
Tajikistan,5.199,88.0,1.166,0.474,0.598,0.292,0.034,2018,1.000743338,0.671
Jordan,5.161,90.0,1.265,0.822,0.645,0.468,0.134,2018,2.534751023,0.723
Nigeria,5.155,91.0,1.172,0.689,0.048,0.462,0.032,2018,0.65311248,0.531
Kyrgyzstan,5.131,92.0,1.416,0.53,0.594,0.54,0.035,2018,1.855590789,0.698
Bosnia and Herzegovina,5.129,93.0,1.078,0.915,0.758,0.28,0.0,2018,6.641244914,0.776
Mongolia,5.125,94.0,1.517,0.914,0.575,0.395,0.032,2018,14.99494041,0.743
Vietnam,5.103,95.0,1.365,0.715,0.702,0.618,0.079,2018,2.341467869,0.697
Indonesia,5.093,96.0,1.215,0.899,0.522,0.538,0.018,2018,2.297168351,0.71
Cameroon,4.975,99.0,0.891,0.535,0.182,0.454,0.043,2018,0.314558852,0.577
Bulgaria,4.933,100.0,1.515,1.054,0.712,0.359,0.009,2018,6.188304852,0.809
Nepal,4.88,101.0,1.228,0.425,0.539,0.526,0.078,2018,0.487262933,0.601
Venezuela,4.806,102.0,1.469,0.996,0.657,0.133,0.052,2018,4.160217714,0.738
Gabon,4.758,103.0,1.164,1.036,0.404,0.356,0.052,2018,2.245532081,0.706
Palestinian Territories,4.743,104.0,1.217,0.642,0.602,0.266,0.076,2018,0.608022367,0.723
South Africa,4.724,105.0,1.41,0.94,0.33,0.516,0.056,2018,8.032053561,0.726
Iran,4.707,106.0,0.771,1.059,0.691,0.459,0.129,2018,8.644936122,0.787
Ivory Coast,4.671,107.0,0.872,0.541,0.08,0.467,0.103,2018,0.408943554,0.542
Ghana,4.657,108.0,0.896,0.592,0.337,0.499,0.029,2018,0.560437492,0.62
Senegal,4.631,109.0,1.117,0.429,0.433,0.406,0.082,2018,0.714656816,0.512
Tunisia,4.592,111.0,0.906,0.9,0.69,0.271,0.063,2018,2.53889232,0.743
Albania,4.586,112.0,0.817,0.916,0.79,0.419,0.032,2018,1.642152952,0.806
Sierra Leone,4.571,113.0,0.813,0.256,0.0,0.355,0.053,2018,0.124525663,0.47
Congo (Brazzaville),4.559,114.0,0.811,0.682,0.343,0.514,0.077,2018,0.690742186,0.578
Bangladesh,4.5,115.0,0.85,0.532,0.579,0.58,0.144,2018,0.511845241,0.635
Sri Lanka,4.471,116.0,1.314,0.918,0.672,0.585,0.05,2018,0.989148543,0.776
Iraq,4.456,117.0,0.971,1.01,0.536,0.304,0.095,2018,5.498462283,0.692
Mali,4.447,118.0,1.233,0.37,0.152,0.367,0.056,2018,0.191825566,0.43
Cambodia,4.433,120.0,1.088,0.549,0.457,0.696,0.065,2018,0.792539375,0.591
Burkina Faso,4.424,121.0,1.097,0.314,0.254,0.312,0.128,2018,0.2177408,0.449
Egypt,4.419,122.0,1.025,0.885,0.553,0.312,0.107,2018,2.313688024,0.729
Kenya,4.41,124.0,1.048,0.493,0.454,0.504,0.055,2018,0.350566274,0.577
Zambia,4.377,125.0,1.047,0.562,0.295,0.503,0.082,2018,0.421462832,0.572
Mauritania,4.356,126.0,1.245,0.557,0.292,0.129,0.093,2018,0.832941015,0.556
Ethiopia,4.35,127.0,0.95,0.308,0.391,0.452,0.146,2018,0.147853391,0.489
Georgia,4.34,128.0,0.592,0.853,0.643,0.375,0.215,2018,2.524293382,0.804
Armenia,4.321,129.0,0.99,0.816,0.666,0.26,0.028,2018,1.973679976,0.771
Myanmar,4.308,130.0,1.174,0.682,0.429,0.58,0.178,2018,0.608471835,0.59
Chad,4.301,131.0,0.907,0.358,0.053,0.189,0.06,2018,0.067471139,0.398
India,4.19,133.0,0.747,0.721,0.485,0.539,0.093,2018,1.922020137,0.645
Niger,4.166,134.0,0.867,0.131,0.221,0.39,0.099,2018,0.083015407,0.399
Uganda,4.161,135.0,1.09,0.322,0.237,0.45,0.061,2018,0.128680647,0.522
Benin,4.141,136.0,0.372,0.378,0.24,0.44,0.067,2018,0.631656265,0.53
Ukraine,4.103,138.0,1.413,0.793,0.609,0.163,0.011,2018,5.244136914,0.783
Togo,3.999,139.0,0.474,0.259,0.253,0.434,0.101,2018,0.29027418,0.528
Guinea,3.964,140.0,0.792,0.344,0.211,0.394,0.094,2018,0.296915821,0.462
Madagascar,3.774,143.0,0.908,0.262,0.402,0.221,0.049,2018,0.158657008,0.507
Zimbabwe,3.692,144.0,1.094,0.357,0.248,0.406,0.099,2018,0.821009943,0.602
Afghanistan,3.632,145.0,0.537,0.332,0.255,0.085,0.036,2018,0.22449203,0.483
Botswana,3.59,146.0,1.174,1.017,0.417,0.557,0.092,2018,3.354557183,0.716
Malawi,3.587,147.0,0.541,0.186,0.306,0.531,0.08,2018,0.08654474,0.51
Haiti,3.582,148.0,0.714,0.315,0.289,0.025,0.104,2018,0.302773182,0.541
Liberia,3.495,149.0,0.858,0.076,0.267,0.419,0.03,2018,0.225213962,0.483
Rwanda,3.408,151.0,0.896,0.332,0.4,0.636,0.444,2018,0.09283066,0.528
Yemen,3.355,152.0,1.073,0.442,0.343,0.244,0.064,2018,0.350321452,0.459
Tanzania,3.303,153.0,0.991,0.455,0.381,0.481,0.097,2018,0.209378088,0.538
Burundi,2.905,156.0,0.627,0.091,0.145,0.065,0.076,2018,0.060787227,0.428
Finland,7.769,1.0,1.587,1.34,0.986,0.596,0.393,2019,7.690672497,0.939
Denmark,7.6,2.0,1.573,1.383,0.996,0.592,0.41,2019,5.353077578,0.946
Norway,7.554,3.0,1.582,1.488,1.028,0.603,0.341,2019,7.969165196,0.961
Iceland,7.494,4.0,1.624,1.38,1.026,0.591,0.118,2019,10.47308358,0.96
Netherlands,7.488,5.0,1.522,1.396,0.999,0.557,0.298,2019,8.983963975,0.943
Switzerland,7.48,6.0,1.526,1.452,1.052,0.572,0.343,2019,4.276607966,0.962
Sweden,7.343,7.0,1.487,1.387,1.009,0.574,0.373,2019,4.078851546,0.947
New Zealand,7.307,8.0,1.557,1.303,1.026,0.585,0.38,2019,7.839014456,0.937
Canada,7.278,9.0,1.505,1.365,1.039,0.584,0.308,2019,15.56731625,0.937
Austria,7.246,10.0,1.475,1.376,1.016,0.532,0.226,2019,7.589237956,0.919
Australia,7.228,11.0,1.548,1.372,1.036,0.557,0.29,2019,16.44699216,0.941
Costa Rica,7.167,12.0,1.441,1.034,0.963,0.558,0.093,2019,1.746962543,0.819
Israel,7.139,13.0,1.455,1.276,1.029,0.371,0.082,2019,7.323728014,0.921
Luxembourg,7.09,14.0,1.479,1.609,1.012,0.526,0.316,2019,15.8384614,0.927
United Kingdom,7.054,15.0,1.538,1.333,0.996,0.45,0.278,2019,5.464367838,0.935
Ireland,7.021,16.0,1.553,1.499,0.999,0.516,0.31,2019,7.634477864,0.942
Germany,6.985,17.0,1.454,1.373,0.987,0.495,0.265,2019,8.518354547,0.948
Belgium,6.923,18.0,1.504,1.356,0.986,0.473,0.21,2019,8.643986894,0.936
United States,6.892,19.0,1.457,1.433,0.874,0.454,0.128,2019,15.9719737,0.93
Czech Republic,6.852,20.0,1.487,1.269,0.92,0.457,0.036,2019,9.431221712,0.897
United Arab Emirates,6.825,21.0,1.31,1.503,0.825,0.598,0.182,2019,15.78070133,0.92
Malta,6.726,22.0,1.52,1.3,0.999,0.564,0.151,2019,3.790204645,0.915
Mexico,6.595,23.0,1.323,1.07,0.861,0.433,0.073,2019,3.413761271,0.779
France,6.592,24.0,1.472,1.324,1.045,0.436,0.183,2019,4.850791024,0.905
Chile,6.444,26.0,1.369,1.159,0.92,0.357,0.056,2019,4.544593041,0.861
Guatemala,6.436,27.0,1.269,0.8,0.746,0.535,0.078,2019,1.247569032,0.642
Saudi Arabia,6.375,28.0,1.357,1.403,0.795,0.439,0.132,2019,18.16280816,0.873
Spain,6.354,30.0,1.484,1.286,1.062,0.362,0.079,2019,5.38116921,0.908
Panama,6.321,31.0,1.442,1.149,0.91,0.516,0.054,2019,2.895108113,0.817
Brazil,6.3,32.0,1.439,1.004,0.802,0.39,0.086,2019,2.301796677,0.766
Uruguay,6.293,33.0,1.465,1.124,0.891,0.523,0.15,2019,1.901937006,0.821
Singapore,6.262,34.0,1.463,1.572,1.141,0.556,0.453,2019,7.874336035,0.943
El Salvador,6.253,35.0,1.242,0.794,0.789,0.43,0.074,2019,1.061849186,0.683
Italy,6.223,36.0,1.488,1.294,1.039,0.231,0.03,2019,5.611424924,0.897
Bahrain,6.199,37.0,1.368,1.362,0.871,0.536,0.11,2019,20.98445501,0.882
Slovakia,6.198,38.0,1.504,1.246,0.881,0.334,0.014,2019,6.189008529,0.862
Poland,6.182,40.0,1.438,1.206,0.884,0.483,0.05,2019,8.433355061,0.881
Uzbekistan,6.174,41.0,1.529,0.745,0.756,0.631,0.24,2019,3.462494189,0.726
Lithuania,6.149,42.0,1.515,1.238,0.818,0.291,0.042,2019,5.045283294,0.884
Colombia,6.125,43.0,1.41,0.985,0.841,0.47,0.034,2019,1.796191905,0.768
Slovenia,6.118,44.0,1.523,1.258,0.953,0.564,0.057,2019,6.737966011,0.921
Nicaragua,6.105,45.0,1.325,0.694,0.835,0.435,0.127,2019,0.866717327,0.664
Argentina,6.086,47.0,1.432,1.092,0.881,0.471,0.05,2019,3.741917524,0.852
Romania,6.07,48.0,1.232,1.162,0.825,0.462,0.005,2019,3.865118112,0.832
Cyprus,6.046,49.0,1.223,1.263,1.042,0.406,0.041,2019,6.123855412,0.897
Ecuador,6.028,50.0,1.312,0.912,0.868,0.498,0.087,2019,2.115714004,0.76
Kuwait,6.021,51.0,1.319,1.5,0.808,0.493,0.097,2019,22.9734474,0.839
Thailand,6.008,52.0,1.409,1.05,0.828,0.557,0.028,2019,3.901218377,0.804
Latvia,5.94,53.0,1.465,1.187,0.812,0.264,0.064,2019,4.011133121,0.871
South Korea,5.895,54.0,1.219,1.301,1.036,0.159,0.056,2019,12.65047738,0.923
Estonia,5.893,55.0,1.528,1.237,0.874,0.495,0.161,2019,9.339055315,0.896
Jamaica,5.89,56.0,1.478,0.831,0.831,0.49,0.028,2019,2.728744464,0.719
Mauritius,5.888,57.0,1.402,1.12,0.798,0.498,0.06,2019,3.448145499,0.817
Japan,5.886,58.0,1.419,1.327,1.088,0.445,0.14,2019,8.717694119,0.924
Honduras,5.86,59.0,1.236,0.642,0.828,0.507,0.078,2019,1.106994714,0.632
Kazakhstan,5.809,60.0,1.508,1.173,0.729,0.41,0.096,2019,15.94855749,0.819
Bolivia,5.779,61.0,1.209,0.776,0.706,0.511,0.064,2019,2.071353502,0.717
Hungary,5.758,62.0,1.41,1.201,0.828,0.199,0.02,2019,5.067767347,0.853
Paraguay,5.743,63.0,1.475,0.855,0.777,0.514,0.08,2019,1.2101264,0.732
Peru,5.697,65.0,1.274,0.96,0.854,0.455,0.027,2019,1.691071484,0.78
Portugal,5.693,66.0,1.431,1.221,0.999,0.508,0.025,2019,4.657562002,0.867
Pakistan,5.653,67.0,0.886,0.677,0.535,0.313,0.098,2019,1.081839891,0.546
Russia,5.648,68.0,1.452,1.183,0.726,0.334,0.031,2019,11.51315093,0.845
Philippines,5.631,69.0,1.293,0.807,0.657,0.558,0.107,2019,1.356081117,0.718
Serbia,5.603,70.0,1.383,1.004,0.854,0.282,0.039,2019,5.624290731,0.811
Moldova,5.529,71.0,1.328,0.685,0.739,0.245,0.0,2019,1.275257138,0.774
Libya,5.525,72.0,1.303,1.044,0.673,0.416,0.152,2019,8.042698052,0.722
Montenegro,5.523,73.0,1.361,1.051,0.871,0.197,0.08,2019,4.211870628,0.837
Tajikistan,5.467,74.0,1.098,0.493,0.718,0.389,0.144,2019,0.926304402,0.676
Croatia,5.432,75.0,1.266,1.155,0.914,0.296,0.022,2019,4.304477346,0.861
Dominican Republic,5.425,77.0,1.401,1.015,0.779,0.497,0.101,2019,2.562650864,0.771
Bosnia and Herzegovina,5.386,78.0,1.212,0.945,0.845,0.212,0.006,2019,7.527082702,0.783
Turkey,5.373,79.0,1.36,1.183,0.808,0.195,0.106,2019,4.786608448,0.842
Malaysia,5.339,80.0,1.171,1.221,0.828,0.508,0.024,2019,8.721791705,0.81
Belarus,5.323,81.0,1.465,1.067,0.789,0.235,0.142,2019,6.455760335,0.817
Greece,5.287,82.0,1.156,1.181,0.999,0.067,0.034,2019,6.276429316,0.889
Mongolia,5.285,83.0,1.531,0.948,0.667,0.317,0.038,2019,27.49975428,0.746
Nigeria,5.265,85.0,1.111,0.696,0.245,0.426,0.041,2019,0.647401324,0.538
Kyrgyzstan,5.261,86.0,1.438,0.551,0.723,0.508,0.023,2019,1.717293889,0.698
Turkmenistan,5.247,87.0,1.538,1.052,0.657,0.394,0.028,2019,12.8437154,0.742
Algeria,5.211,88.0,1.16,1.002,0.785,0.086,0.114,2019,3.870617401,0.748
Morocco,5.208,89.0,0.782,0.801,0.782,0.418,0.076,2019,1.870394606,0.682
Azerbaijan,5.208,90.0,1.147,1.043,0.769,0.351,0.182,2019,3.854118915,0.761
Lebanon,5.197,91.0,1.224,0.987,0.815,0.216,0.027,2019,3.888406647,0.745
Indonesia,5.192,92.0,1.203,0.931,0.66,0.491,0.028,2019,2.440988872,0.716
China,5.191,93.0,1.125,1.029,0.893,0.521,0.1,2019,7.31629792,0.762
Vietnam,5.175,94.0,1.346,0.741,0.851,0.543,0.073,2019,2.69859441,0.703
Cameroon,5.044,96.0,0.91,0.549,0.331,0.381,0.037,2019,0.285897796,0.583
Bulgaria,5.011,97.0,1.513,1.092,0.815,0.311,0.004,2019,6.031683176,0.81
Ghana,4.996,98.0,0.868,0.611,0.486,0.381,0.04,2019,0.556193047,0.631
Ivory Coast,4.944,99.0,0.808,0.569,0.232,0.352,0.09,2019,0.407508101,0.55
Nepal,4.913,100.0,1.226,0.446,0.677,0.439,0.089,2019,0.593053654,0.611
Jordan,4.906,101.0,1.225,0.837,0.815,0.383,0.13,2019,2.548582446,0.727
Benin,4.883,102.0,0.437,0.393,0.397,0.349,0.082,2019,0.619863266,0.53
Congo (Brazzaville),4.812,103.0,0.799,0.673,0.508,0.372,0.093,2019,0.611708039,0.57
Gabon,4.799,104.0,1.183,1.057,0.571,0.295,0.055,2019,2.065609582,0.709
South Africa,4.722,106.0,1.351,0.96,0.469,0.389,0.055,2019,8.12733368,0.736
Albania,4.719,107.0,0.848,0.947,0.874,0.383,0.027,2019,1.688177757,0.81
Venezuela,4.707,108.0,1.427,0.96,0.805,0.154,0.047,2019,3.477903448,0.721
Cambodia,4.7,109.0,1.122,0.574,0.637,0.609,0.062,2019,0.929794738,0.598
Palestinian Territories,4.696,110.0,1.247,0.657,0.672,0.225,0.066,2019,0.599407398,0.727
Senegal,4.681,111.0,1.134,0.45,0.571,0.292,0.072,2019,0.691289173,0.513
Niger,4.628,114.0,0.774,0.138,0.366,0.318,0.102,2019,0.079504211,0.406
Burkina Faso,4.587,115.0,1.056,0.331,0.38,0.255,0.113,2019,0.213366436,0.452
Armenia,4.559,116.0,1.055,0.85,0.815,0.283,0.064,2019,1.869270735,0.778
Iran,4.548,117.0,0.842,1.1,0.785,0.305,0.125,2019,8.84490715,0.783
Guinea,4.534,118.0,0.829,0.38,0.375,0.332,0.086,2019,0.291036599,0.467
Georgia,4.519,119.0,0.666,0.886,0.752,0.346,0.164,2019,2.622195701,0.81
Kenya,4.509,121.0,0.983,0.512,0.581,0.431,0.053,2019,0.348973056,0.581
Mauritania,4.49,122.0,1.167,0.57,0.489,0.066,0.088,2019,0.817222368,0.563
Tunisia,4.461,124.0,1.0,0.921,0.815,0.167,0.055,2019,2.566158281,0.745
Bangladesh,4.456,125.0,0.928,0.562,0.723,0.527,0.143,2019,0.577842492,0.644
Iraq,4.437,126.0,0.98,1.043,0.574,0.241,0.089,2019,5.67266932,0.696
Mali,4.39,128.0,1.105,0.385,0.308,0.327,0.052,2019,0.187617977,0.433
Sierra Leone,4.374,129.0,0.841,0.268,0.242,0.309,0.045,2019,0.122950668,0.48
Sri Lanka,4.366,130.0,1.265,0.949,0.831,0.47,0.047,2019,1.070398884,0.778
Myanmar,4.36,131.0,1.181,0.71,0.555,0.525,0.172,2019,0.666981587,0.598
Chad,4.35,132.0,0.766,0.35,0.192,0.174,0.078,2019,0.063046831,0.403
Ukraine,4.332,133.0,1.39,0.82,0.739,0.178,0.01,2019,5.059351991,0.786
Ethiopia,4.286,134.0,1.033,0.336,0.532,0.344,0.1,2019,0.146066966,0.498
Uganda,4.189,136.0,1.069,0.332,0.443,0.356,0.06,2019,0.129226394,0.525
Egypt,4.166,137.0,1.039,0.913,0.644,0.241,0.067,2019,2.250084031,0.735
Zambia,4.107,138.0,1.058,0.578,0.426,0.431,0.087,2019,0.394557313,0.575
Togo,4.085,139.0,0.572,0.275,0.41,0.293,0.085,2019,0.285213513,0.535
India,4.015,140.0,0.765,0.755,0.588,0.498,0.085,2019,1.921790091,0.645
Liberia,3.975,141.0,0.922,0.073,0.443,0.37,0.033,2019,0.221453753,0.484
Madagascar,3.933,143.0,0.916,0.274,0.555,0.148,0.041,2019,0.150163295,0.51
Burundi,3.775,145.0,0.447,0.046,0.38,0.22,0.18,2019,0.06105764,0.431
Zimbabwe,3.663,146.0,1.114,0.366,0.433,0.361,0.089,2019,0.747610114,0.601
Haiti,3.597,147.0,0.688,0.323,0.449,0.026,0.11,2019,0.292016116,0.543
Botswana,3.488,148.0,1.145,1.041,0.538,0.455,0.1,2019,3.005950869,0.717
Malawi,3.41,150.0,0.56,0.191,0.495,0.443,0.089,2019,0.085271436,0.519
Yemen,3.38,151.0,1.163,0.287,0.463,0.143,0.077,2019,0.343612468,0.461
Rwanda,3.334,152.0,0.711,0.359,0.614,0.555,0.411,2019,0.094036961,0.534
Tanzania,3.231,153.0,0.885,0.476,0.499,0.417,0.147,2019,0.20761148,0.548
Afghanistan,3.203,154.0,0.517,0.35,0.361,0.0,0.025,2019,0.319299157,0.488
Finland,7.808700085,1.0,0.954329729,10.63926697,71.9008255,0.949172199,0.195444584,2020,7.090703013,0.938
Denmark,7.645599842,2.0,0.955990791,10.77400112,72.40250397,0.951444268,0.168489456,2020,4.522442415,0.947
Switzerland,7.559899807,3.0,0.942846596,10.97993279,74.10244751,0.921336651,0.303728431,2020,3.731913422,0.956
Iceland,7.504499912,4.0,0.974669576,10.77255917,73.0,0.948891878,0.711709738,2020,8.603839493,0.957
Norway,7.487999916,5.0,0.952486575,11.08780384,73.20078278,0.955750287,0.263218194,2020,7.615046075,0.959
Netherlands,7.448900223,6.0,0.93913883,10.81271172,72.30091858,0.908547819,0.364717126,2020,8.059593325,0.939
Sweden,7.353499889,7.0,0.926311195,10.75879383,72.60076904,0.939144194,0.250880182,2020,3.825506114,0.942
New Zealand,7.299600124,8.0,0.949118972,10.50094318,73.20262909,0.936217487,0.22113885,2020,6.941846236,0.936
Austria,7.294199944,9.0,0.928045869,10.7428236,73.00250244,0.899989486,0.499954879,2020,6.732425105,0.913
Luxembourg,7.237500191,10.0,0.906912208,11.45068073,72.59999847,0.90563643,0.367084295,2020,13.05892539,0.924
Canada,7.23210001,11.0,0.927176654,10.69236851,73.60160065,0.933913231,0.390843362,2020,14.19693746,0.931
Australia,7.222799778,12.0,0.944854617,10.72059631,73.60453796,0.915431738,0.41516912,2020,15.36837971,0.947
United Kingdom,7.164500237,13.0,0.93668282,10.60013485,72.30160522,0.834743679,0.435915917,2020,4.854886819,0.924
Israel,7.128600121,14.0,0.913571239,10.41752529,73.20025635,0.747580588,0.78085506,2020,6.510389017,0.917
Costa Rica,7.121399879,15.0,0.901545942,9.658156395,71.29985046,0.934738934,0.786332428,2020,1.552260862,0.816
Ireland,7.093699932,16.0,0.942081571,11.16097832,72.30078888,0.886982977,0.357184172,2020,6.753775883,0.943
Germany,7.075799942,17.0,0.898874462,10.7328186,72.20201874,0.867371082,0.456422031,2020,7.690141865,0.944
United States,6.939599991,18.0,0.914219022,10.92576885,68.29949951,0.842619538,0.699715316,2020,14.23786361,0.92
Czech Republic,6.910900116,19.0,0.914430678,10.40416336,70.04793549,0.818537354,0.85844624,2020,8.215039321,0.892
Belgium,6.863500118,20.0,0.911632538,10.6736393,72.00164795,0.813582063,0.612297952,2020,7.226205719,0.928
United Arab Emirates,6.790800095,21.0,0.849181116,11.1099987,67.08278656,0.941345513,0.594502211,2020,15.19333592,0.912
Malta,6.772799969,22.0,0.93037951,10.53383827,72.19999695,0.924911439,0.658547282,2020,3.612105729,0.911
France,6.663799763,23.0,0.937103748,10.58422279,73.80193329,0.825467646,0.583521128,2020,4.23807293,0.898
Mexico,6.465000153,24.0,0.838665426,9.797797203,68.29902649,0.858709276,0.806821585,2020,2.76863785,0.756
Uruguay,6.440100193,26.0,0.92281127,9.948192596,69.00254822,0.892395437,0.635994136,2020,1.681218748,0.821
Saudi Arabia,6.406499863,27.0,0.874067068,10.79781246,66.30514526,0.854191244,0.682619512,2020,17.96720336,0.87
Spain,6.400899887,28.0,0.921125412,10.46292686,74.40270996,0.751989543,0.765859902,2020,4.468313378,0.899
Guatemala,6.398900032,29.0,0.816621482,8.924805641,64.8089447,0.908147573,0.783237457,2020,1.05706389,0.635
Italy,6.38740015,30.0,0.889878571,10.48183632,73.60168457,0.66465199,0.873404682,2020,5.02491109,0.889
Singapore,6.377099991,31.0,0.910268962,11.39552116,76.80458069,0.926645339,0.109784193,2020,7.777989731,0.939
Brazil,6.375599861,32.0,0.896723807,9.56643486,66.48016357,0.799804807,0.770601273,2020,2.198836949,0.758
Slovenia,6.363399982,33.0,0.939575672,10.39232254,71.1029892,0.936142623,0.817071021,2020,6.042989257,0.913
El Salvador,6.34829998,34.0,0.806092262,8.909075737,66.10826111,0.833805263,0.754319906,2020,0.944111387,0.672
Panama,6.304800034,36.0,0.902094483,10.03423405,69.60301208,0.880366504,0.851588905,2020,2.498280904,0.801
Slovakia,6.280600071,37.0,0.922493756,10.34774971,68.90634155,0.749952674,0.918096125,2020,5.628647446,0.857
Uzbekistan,6.257599831,38.0,0.926595807,8.740371704,65.10757446,0.974998116,0.501497388,2020,3.369793419,0.721
Chile,6.228499889,39.0,0.879713595,10.0320549,69.90061951,0.744896293,0.838239431,2020,4.24621503,0.852
Bahrain,6.227300167,40.0,0.876342118,10.67638016,68.5,0.905855775,0.7393471,2020,20.54572969,0.877
Lithuania,6.215499878,41.0,0.926107109,10.34362602,67.29407501,0.747381449,0.809583843,2020,5.069079734,0.879
Poland,6.186299801,43.0,0.874257445,10.26512432,69.31113434,0.862055779,0.686927021,2020,7.9159743,0.876
Colombia,6.163400173,44.0,0.884440243,9.500369072,67.69958496,0.836179912,0.86457181,2020,1.751176049,0.756
Cyprus,6.15899992,45.0,0.805996239,10.40570259,73.70222473,0.779858291,0.856271744,2020,5.380504059,0.894
Nicaragua,6.13710022,46.0,0.857497036,8.493160248,67.50717926,0.863902867,0.665950119,2020,0.76589307,0.654
Romania,6.123700142,47.0,0.825161517,10.107584,67.20723724,0.842823207,0.934300244,2020,3.715362722,0.824
Kuwait,6.102099895,48.0,0.846475244,11.08982468,66.76764679,0.872366488,0.760849059,2020,20.82510746,0.822
Mauritius,6.101299763,49.0,0.910357833,9.956786156,66.40434265,0.889534533,0.805343091,2020,3.129029823,0.804
Kazakhstan,6.057899952,50.0,0.934744895,10.11465836,64.60996246,0.811601937,0.764490843,2020,15.51581435,0.814
Estonia,6.021800041,51.0,0.934729993,10.34001732,68.60495758,0.87770915,0.623073816,2020,7.879475476,0.892
Philippines,6.006000042,52.0,0.846730053,8.993545532,61.92676163,0.915463448,0.733634114,2020,1.241254444,0.71
Hungary,6.000400066,53.0,0.921934128,10.24924374,67.60997009,0.718964577,0.892916501,2020,4.99728219,0.849
Thailand,5.998799801,54.0,0.889973223,9.741791725,67.25059509,0.905063033,0.886272311,2020,3.692920935,0.802
Argentina,5.974699974,55.0,0.900567949,9.810955048,68.80380249,0.831132412,0.842009842,2020,3.473291552,0.84
Honduras,5.953199863,56.0,0.821870148,8.424534798,67.19876862,0.870603263,0.801131904,2020,0.975263329,0.621
Latvia,5.949999809,57.0,0.918288589,10.17531967,66.8074646,0.671237648,0.795580089,2020,3.590715291,0.871
Ecuador,5.925199986,58.0,0.836418986,9.246058464,68.50003815,0.859828949,0.801215112,2020,1.753199871,0.731
Portugal,5.910900116,59.0,0.886590719,10.26374245,72.40202332,0.888747811,0.892629504,2020,3.960866197,0.863
Jamaica,5.889800072,60.0,0.915701866,9.006250381,67.09999847,0.858068526,0.888890028,2020,2.508977035,0.713
South Korea,5.872399807,61.0,0.799387157,10.51056671,73.6027298,0.612965107,0.789067447,2020,11.65622391,0.922
Japan,5.870800018,62.0,0.883545935,10.57968903,75.00096893,0.809961379,0.654558063,2020,8.149938667,0.923
Peru,5.796800137,63.0,0.831075251,9.456313133,68.10023499,0.824766099,0.893714964,2020,1.355886751,0.762
Serbia,5.77820015,64.0,0.881475747,9.680980682,68.21020508,0.726495862,0.843509018,2020,4.936885477,0.804
Bolivia,5.747499943,65.0,0.803108692,8.851115227,63.6004715,0.875873327,0.822606206,2020,1.773319863,0.694
Pakistan,5.69329977,66.0,0.689062297,8.482727051,58.25313568,0.734833717,0.745705426,2020,1.062756182,0.543
Paraguay,5.692100048,67.0,0.898727894,9.389982224,65.63993835,0.885923445,0.834788501,2020,1.061291226,0.73
Dominican Republic,5.689199924,68.0,0.882085383,9.664880753,65.80748749,0.866202772,0.755999923,2020,2.559875589,0.764
Bosnia and Herzegovina,5.674099922,69.0,0.829204142,9.455817223,67.80813599,0.651352704,0.933769107,2020,6.528247977,0.781
Moldova,5.607500076,70.0,0.843313575,8.776714325,65.01301575,0.721609175,0.913314283,2020,1.275891722,0.766
Tajikistan,5.555699825,71.0,0.835297108,8.024810791,64.10459137,0.831383407,0.592076063,2020,0.990569475,0.664
Montenegro,5.54610014,72.0,0.855314612,9.751860619,68.50534821,0.649565637,0.783121586,2020,3.677798193,0.826
Russia,5.546000004,73.0,0.903150737,10.12887192,64.10045624,0.729892612,0.864802599,2020,10.8071526,0.83
Kyrgyzstan,5.541500092,74.0,0.887228489,8.148405075,64.10601044,0.909374893,0.888396084,2020,1.763865121,0.689
Belarus,5.539899826,75.0,0.90674746,9.779945374,66.10433197,0.639163077,0.63571167,2020,6.07931383,0.807
Greece,5.514999866,77.0,0.814380348,10.13232613,72.40525818,0.541345119,0.859931409,2020,5.01149663,0.886
Croatia,5.504700184,79.0,0.874623716,10.07087517,70.21490479,0.714838803,0.916495264,2020,4.136637154,0.855
Libya,5.488800049,80.0,0.825942934,9.789815903,62.29999924,0.773157001,0.668779135,2020,7.381523009,0.703
Mongolia,5.456200123,81.0,0.937142491,9.412186623,62.30448532,0.693351328,0.863511205,2020,26.97802818,0.745
Malaysia,5.384300232,82.0,0.816509426,10.26251888,67.10215759,0.894626856,0.839302301,2020,8.422647483,0.806
Vietnam,5.353499889,83.0,0.849987149,8.809545517,67.9527359,0.939592957,0.79642123,2020,2.612563309,0.71
Indonesia,5.285600185,84.0,0.808379889,9.36975193,62.15584946,0.870614409,0.876296401,2020,2.155208427,0.709
Ivory Coast,5.233300209,85.0,0.658048689,8.225561142,49.50377274,0.727909327,0.790771961,2020,0.381780097,0.551
Benin,5.21600008,86.0,0.468671143,7.674319744,54.31246567,0.735182583,0.740532577,2020,0.552890326,0.524
Congo (Brazzaville),5.194399834,88.0,0.640228093,8.536987305,57.92448044,0.719058514,0.751779079,2020,0.564833429,0.574
Azerbaijan,5.164800167,89.0,0.819308281,9.687726974,65.50839996,0.786824107,0.55253756,2020,3.720272365,0.73
Ghana,5.147999763,91.0,0.728601098,8.350645065,57.20398712,0.794796526,0.847964764,2020,0.514959318,0.632
Nepal,5.137199879,92.0,0.785512447,7.925357342,63.77917862,0.797565043,0.738099158,2020,0.582002668,0.604
Turkey,5.131800175,93.0,0.826313555,10.12941933,66.90281677,0.608830452,0.748197377,2020,4.657320907,0.833
China,5.123899937,94.0,0.798760593,9.688568115,69.2891922,0.898517907,0.7539711,2020,7.411735759,0.764
Turkmenistan,5.119100094,95.0,0.958966196,9.74803257,62.21170807,0.826457024,0.883691847,2020,12.49132843,0.741
Bulgaria,5.101500034,96.0,0.937840343,9.869318962,66.80397797,0.745178163,0.935585141,2020,5.388845994,0.802
Morocco,5.094799995,97.0,0.592628479,8.940313339,65.89624023,0.772072434,0.815724611,2020,1.74845085,0.679
Cameroon,5.084899902,98.0,0.700386405,8.118647575,52.7049408,0.763051808,0.851336598,2020,0.259524431,0.578
Venezuela,5.053199768,99.0,0.890408158,8.977793694,66.50534058,0.62327832,0.837038398,2020,2.975442345,0.695
Algeria,5.005099773,100.0,0.803385139,9.537964821,65.90517426,0.466610909,0.735485137,2020,3.534590875,0.736
Senegal,4.980800152,101.0,0.723616004,8.118982315,59.59915161,0.690596163,0.808785141,2020,0.624178545,0.513
Guinea,4.949299812,102.0,0.637573481,7.750990391,54.46780014,0.706846774,0.761794448,2020,0.258436989,0.466
Niger,4.909599781,103.0,0.617435038,6.842166901,53.50009537,0.759772122,0.722530186,2020,0.069832068,0.401
Albania,4.882699966,105.0,0.671070457,9.417930603,68.70813751,0.781994224,0.896303713,2020,1.575753953,0.794
Cambodia,4.848400116,106.0,0.773080647,8.249890327,61.52996826,0.959704638,0.822769046,2020,0.916659614,0.596
Bangladesh,4.832799911,107.0,0.687292993,8.287063599,64.50306702,0.90062499,0.661843538,2020,0.563737615,0.655
Gabon,4.829299927,108.0,0.787886858,9.680537224,59.71533966,0.704829216,0.849150956,2020,1.931138222,0.71
South Africa,4.814099789,109.0,0.852532268,9.403370857,56.50601196,0.759330094,0.843423843,2020,7.620419537,0.727
Iraq,4.784800053,110.0,0.747694969,9.661095619,59.90354919,0.633182645,0.82226181,2020,5.241572172,0.679
Lebanon,4.771500111,111.0,0.824338138,9.3617239,67.10658264,0.551357508,0.90225625,2020,3.804777564,0.726
Burkina Faso,4.768700123,112.0,0.712943614,7.46854496,53.88945389,0.665563583,0.739795029,2020,0.189903275,0.449
Mali,4.729300022,114.0,0.731468976,7.629852295,51.72698212,0.71156615,0.839328408,2020,0.167400521,0.427
Nigeria,4.724100113,115.0,0.73721689,8.57662487,49.86190796,0.759578407,0.861874342,2020,0.608631271,0.535
Armenia,4.676799774,116.0,0.757479429,9.100476265,66.75065613,0.712017834,0.773544788,2020,1.987788379,0.757
Georgia,4.672599792,117.0,0.629033029,9.226100922,64.49520874,0.801641524,0.665944695,2020,2.498792354,0.802
Iran,4.672399998,118.0,0.694689691,9.813719749,66.00614929,0.647873282,0.714635968,2020,8.870210046,0.777
Jordan,4.633399963,119.0,0.80216372,9.025999069,66.79975128,0.75104779,0.700344324,2020,2.497997184,0.723
Kenya,4.583000183,121.0,0.702652037,8.02977562,60.09693146,0.829747558,0.831499159,2020,0.300273588,0.578
Ukraine,4.56069994,123.0,0.878879368,9.010690689,64.60678101,0.663081884,0.920636714,2020,4.891161661,0.775
Liberia,4.557899952,124.0,0.70928055,7.054380417,56.09631348,0.735268712,0.856375933,2020,0.199498545,0.48
Palestinian Territories,4.552800179,125.0,0.825295925,8.389223099,62.25,0.645791829,0.824199975,2020,0.568234611,0.716
Uganda,4.43200016,126.0,0.764994621,7.500389576,55.70820236,0.731713951,0.836737812,2020,0.106954357,0.524
Chad,4.422699928,127.0,0.632388055,7.467963696,48.22053909,0.587305248,0.802760839,2020,0.055540457,0.397
Tunisia,4.392199993,128.0,0.688718557,9.314972878,66.89785767,0.593361557,0.867590249,2020,2.379863502,0.737
Mauritania,4.374599934,129.0,0.790819228,8.233919144,57.01017761,0.551522553,0.746223509,2020,0.726332991,0.556
Sri Lanka,4.327000141,130.0,0.825374067,9.389969826,67.20006561,0.837633669,0.859001756,2020,0.985665463,0.78
Myanmar,4.308000088,133.0,0.78440702,8.680481911,58.96171188,0.895075202,0.645124316,2020,0.667627891,0.6
Togo,4.187200069,135.0,0.551312625,7.357711315,54.71989822,0.649828613,0.757733464,2020,0.264726786,0.535
Ethiopia,4.186200142,136.0,0.743307352,7.509385586,58.63959122,0.740795195,0.753690004,2020,0.127560389,0.498
Madagascar,4.165599823,137.0,0.668195903,7.281685829,59.10542679,0.557574093,0.817485631,2020,0.132880633,0.501
Egypt,4.151400089,138.0,0.735447824,9.316541672,61.78015137,0.708354175,0.787726879,2020,2.085874268,0.734
Sierra Leone,3.926399946,139.0,0.636142015,7.26880312,50.86514282,0.715315044,0.861330688,2020,0.109965133,0.475
Burundi,3.775300026,140.0,0.490325719,6.492642403,53.40000153,0.626350224,0.606934547,2020,0.050642582,0.426
Zambia,3.759399891,141.0,0.698824465,8.224720001,55.29937744,0.806500256,0.801289678,2020,0.3575346,0.57
Haiti,3.720799923,142.0,0.593247831,7.411329269,55.59862518,0.537825167,0.684767246,2020,0.256039713,0.54
India,3.573299885,144.0,0.592200935,8.849823952,60.21518707,0.881444871,0.772042692,2020,1.769409088,0.642
Malawi,3.538000107,145.0,0.544007301,7.062226295,57.59288788,0.803223193,0.731700778,2020,0.072922295,0.516
Yemen,3.527400017,146.0,0.817980587,7.759682655,56.72728348,0.599920273,0.800287724,2020,0.327509951,0.46
Botswana,3.478899956,147.0,0.779121757,9.711203575,58.92445374,0.821328104,0.777930915,2020,2.772080776,0.713
Tanzania,3.476200104,148.0,0.688933194,7.967665195,57.49607468,0.82153976,0.619799435,2020,0.183121172,0.548
Rwanda,3.312299967,150.0,0.54083544,7.600104332,61.09884644,0.900589406,0.183541179,2020,0.079731518,0.532
Zimbabwe,3.299200058,151.0,0.763092756,7.865711689,55.61725998,0.711457908,0.81023699,2020,0.708561788,0.6
Afghanistan,2.566900015,153.0,0.470366955,7.462860584,52.59000015,0.396573007,0.933686554,2020,0.312376488,0.483
Finland,7.842,1.0,0.954,10.775,72.0,0.949,0.186,2021,7.090703013,0.94
Denmark,7.62,2.0,0.954,10.933,72.7,0.946,0.179,2021,4.522442415,0.948
Switzerland,7.571,3.0,0.942,11.117,74.4,0.919,0.292,2021,3.731913422,0.962
Iceland,7.554,4.0,0.983,10.878,73.0,0.955,0.673,2021,8.603839493,0.959
Netherlands,7.464,5.0,0.942,10.932,72.4,0.913,0.338,2021,8.059593325,0.941
Norway,7.392,6.0,0.954,11.053,73.3,0.96,0.27,2021,7.615046075,0.961
Sweden,7.363,7.0,0.934,10.867,72.7,0.945,0.237,2021,3.825506114,0.947
Luxembourg,7.324,8.0,0.908,11.647,72.6,0.907,0.386,2021,13.05892539,0.93
New Zealand,7.277,9.0,0.948,10.643,73.4,0.929,0.242,2021,6.941846236,0.937
Austria,7.268,10.0,0.934,10.906,73.3,0.908,0.481,2021,6.732425105,0.916
Australia,7.183,11.0,0.94,10.796,73.9,0.914,0.442,2021,15.36837971,0.951
Israel,7.157,12.0,0.939,10.575,73.503,0.8,0.753,2021,6.510389017,0.919
Germany,7.155,13.0,0.903,10.873,72.5,0.875,0.46,2021,7.690141865,0.942
Canada,7.103,14.0,0.926,10.776,73.8,0.915,0.415,2021,14.19693746,0.936
Ireland,7.085,15.0,0.947,11.342,72.4,0.879,0.363,2021,6.753775883,0.945
Costa Rica,7.069,16.0,0.891,9.88,71.4,0.934,0.809,2021,1.552260862,0.809
United Kingdom,7.064,17.0,0.934,10.707,72.5,0.859,0.459,2021,4.854886819,0.929
Czech Republic,6.965,18.0,0.947,10.556,70.807,0.858,0.868,2021,8.215039321,0.889
United States,6.951,19.0,0.92,11.023,68.2,0.837,0.698,2021,14.23786361,0.921
Belgium,6.834,20.0,0.906,10.823,72.199,0.783,0.646,2021,7.226205719,0.937
France,6.69,21.0,0.942,10.704,74.0,0.822,0.571,2021,4.23807293,0.903
Bahrain,6.647,22.0,0.862,10.669,69.495,0.925,0.722,2021,20.54572969,0.875
Malta,6.602,23.0,0.931,10.674,72.2,0.927,0.653,2021,3.612105729,0.918
United Arab Emirates,6.561,25.0,0.844,11.085,67.333,0.932,0.589,2021,15.19333592,0.911
Saudi Arabia,6.494,26.0,0.891,10.743,66.603,0.877,0.684,2021,17.96720336,0.875
Spain,6.491,27.0,0.932,10.571,74.7,0.761,0.745,2021,4.468313378,0.905
Italy,6.483,28.0,0.88,10.623,73.8,0.693,0.866,2021,5.02491109,0.895
Slovenia,6.461,29.0,0.948,10.529,71.4,0.949,0.806,2021,6.042989257,0.918
Guatemala,6.435,30.0,0.813,9.053,64.958,0.906,0.775,2021,1.05706389,0.627
Uruguay,6.431,31.0,0.925,9.966,69.1,0.896,0.59,2021,1.681218748,0.809
Singapore,6.377,32.0,0.915,11.488,76.953,0.927,0.082,2021,7.777989731,0.939
Slovakia,6.331,34.0,0.936,10.369,69.201,0.766,0.911,2021,5.628647446,0.848
Brazil,6.33,35.0,0.882,9.577,66.601,0.804,0.756,2021,2.198836949,0.754
Mexico,6.317,36.0,0.831,9.859,68.597,0.862,0.799,2021,2.76863785,0.758
Jamaica,6.309,37.0,0.877,9.186,67.5,0.89,0.884,2021,2.508977035,0.709
Lithuania,6.255,38.0,0.935,10.499,67.906,0.773,0.826,2021,5.069079734,0.875
Cyprus,6.223,39.0,0.802,10.576,73.898,0.763,0.844,2021,5.380504059,0.896
Estonia,6.189,40.0,0.941,10.481,68.8,0.909,0.527,2021,7.879475476,0.89
Panama,6.18,41.0,0.896,10.35,69.652,0.872,0.856,2021,2.498280904,0.805
Uzbekistan,6.179,42.0,0.918,8.836,65.255,0.97,0.515,2021,3.369793419,0.727
Chile,6.172,43.0,0.882,10.071,70.0,0.742,0.83,2021,4.24621503,0.855
Poland,6.166,44.0,0.898,10.382,69.702,0.841,0.735,2021,7.9159743,0.876
Kazakhstan,6.152,45.0,0.952,10.155,65.2,0.853,0.733,2021,15.51581435,0.811
Romania,6.14,46.0,0.832,10.284,67.355,0.845,0.938,2021,3.715362722,0.821
Kuwait,6.106,47.0,0.843,10.817,66.9,0.867,0.736,2021,20.82510746,0.831
Serbia,6.078,48.0,0.873,9.787,68.6,0.778,0.835,2021,4.936885477,0.802
El Salvador,6.061,49.0,0.762,9.054,66.402,0.888,0.688,2021,0.944111387,0.675
Mauritius,6.049,50.0,0.905,10.008,66.701,0.867,0.789,2021,3.129029823,0.802
Latvia,6.032,51.0,0.927,10.315,67.1,0.715,0.8,2021,3.590715291,0.863
Colombia,6.012,52.0,0.847,9.557,68.001,0.837,0.841,2021,1.751176049,0.752
Hungary,5.992,53.0,0.943,10.358,68.0,0.755,0.876,2021,4.99728219,0.846
Thailand,5.985,54.0,0.888,9.805,67.401,0.884,0.895,2021,3.692920935,0.8
Nicaragua,5.972,55.0,0.864,8.62,67.657,0.836,0.664,2021,0.76589307,0.667
Japan,5.94,56.0,0.884,10.611,75.1,0.796,0.638,2021,8.149938667,0.925
Argentina,5.929,57.0,0.898,9.962,69.0,0.828,0.834,2021,3.473291552,0.842
Portugal,5.929,58.0,0.879,10.421,72.6,0.892,0.887,2021,3.960866197,0.866
Honduras,5.919,59.0,0.812,8.648,67.3,0.857,0.809,2021,0.975263329,0.621
Croatia,5.882,60.0,0.924,10.217,70.799,0.754,0.939,2021,4.136637154,0.858
Philippines,5.88,61.0,0.83,9.076,62.0,0.917,0.742,2021,1.241254444,0.699
South Korea,5.845,62.0,0.799,10.651,73.9,0.672,0.727,2021,11.65622391,0.925
Peru,5.84,63.0,0.832,9.458,68.25,0.822,0.891,2021,1.355886751,0.762
Bosnia and Herzegovina,5.813,64.0,0.87,9.59,68.098,0.706,0.931,2021,6.528247977,0.78
Moldova,5.766,65.0,0.857,9.454,65.699,0.822,0.918,2021,1.275891722,0.767
Ecuador,5.764,66.0,0.821,9.313,68.8,0.842,0.843,2021,1.753199871,0.74
Kyrgyzstan,5.744,67.0,0.893,8.538,64.401,0.935,0.908,2021,1.763865121,0.692
Greece,5.723,68.0,0.823,10.279,72.6,0.582,0.823,2021,5.01149663,0.887
Bolivia,5.716,69.0,0.81,9.046,63.901,0.875,0.839,2021,1.773319863,0.692
Mongolia,5.677,70.0,0.935,9.4,62.5,0.708,0.856,2021,26.97802818,0.739
Paraguay,5.653,71.0,0.893,9.448,65.9,0.876,0.882,2021,1.061291226,0.717
Montenegro,5.581,72.0,0.858,9.94,68.699,0.708,0.812,2021,3.677798193,0.832
Dominican Republic,5.545,73.0,0.853,9.802,66.102,0.86,0.714,2021,2.559875589,0.767
Belarus,5.534,75.0,0.91,9.853,66.253,0.65,0.627,2021,6.07931383,0.808
Russia,5.477,76.0,0.903,10.189,64.703,0.718,0.845,2021,10.8071526,0.822
Tajikistan,5.466,78.0,0.86,8.091,64.281,0.832,0.553,2021,0.990569475,0.685
Vietnam,5.411,79.0,0.85,8.973,68.034,0.94,0.796,2021,2.612563309,0.703
Libya,5.41,80.0,0.827,9.622,62.3,0.771,0.667,2021,7.381523009,0.718
Malaysia,5.384,81.0,0.817,10.238,67.102,0.895,0.839,2021,8.422647483,0.803
Indonesia,5.345,82.0,0.811,9.365,62.236,0.873,0.867,2021,2.155208427,0.705
Congo (Brazzaville),5.342,83.0,0.636,8.117,58.221,0.695,0.745,2021,0.564833429,0.571
China,5.339,84.0,0.811,9.673,69.593,0.904,0.755,2021,7.411735759,0.768
Ivory Coast,5.306,85.0,0.644,8.551,50.114,0.741,0.794,2021,0.381780097,0.55
Armenia,5.283,86.0,0.799,9.487,67.055,0.825,0.629,2021,1.987788379,0.759
Nepal,5.269,87.0,0.774,8.12,64.233,0.782,0.727,2021,0.582002668,0.602
Bulgaria,5.266,88.0,0.931,10.016,67.0,0.788,0.932,2021,5.388845994,0.795
Azerbaijan,5.171,90.0,0.836,9.569,65.656,0.814,0.506,2021,3.720272365,0.745
Cameroon,5.142,91.0,0.71,8.189,53.515,0.731,0.848,2021,0.259524431,0.576
Senegal,5.132,92.0,0.71,8.118,59.802,0.695,0.801,2021,0.624178545,0.511
Albania,5.117,93.0,0.697,9.52,68.999,0.785,0.901,2021,1.575753953,0.796
Ghana,5.088,95.0,0.727,8.58,57.586,0.807,0.848,2021,0.514959318,0.632
Niger,5.074,96.0,0.641,7.098,53.78,0.806,0.693,2021,0.069832068,0.4
Turkmenistan,5.066,97.0,0.983,9.629,62.409,0.877,0.888,2021,12.49132843,0.745
Benin,5.045,99.0,0.489,8.087,54.713,0.757,0.661,2021,0.552890326,0.525
Bangladesh,5.025,101.0,0.693,8.454,64.8,0.877,0.682,2021,0.563737615,0.661
Guinea,4.984,102.0,0.639,7.838,55.008,0.697,0.766,2021,0.258436989,0.465
South Africa,4.956,103.0,0.86,9.403,56.904,0.749,0.86,2021,7.620419537,0.713
Turkey,4.948,104.0,0.822,10.24,67.199,0.576,0.776,2021,4.657320907,0.838
Pakistan,4.934,105.0,0.651,8.458,58.709,0.726,0.787,2021,1.062756182,0.544
Morocco,4.918,106.0,0.56,8.903,66.208,0.774,0.801,2021,1.74845085,0.683
Venezuela,4.892,107.0,0.861,9.073,66.7,0.615,0.827,2021,2.975442345,0.691
Georgia,4.891,108.0,0.671,9.585,64.3,0.783,0.655,2021,2.498792354,0.802
Algeria,4.887,109.0,0.802,9.342,66.005,0.48,0.752,2021,3.534590875,0.745
Ukraine,4.875,110.0,0.888,9.436,64.902,0.724,0.924,2021,4.891161661,0.773
Iraq,4.854,111.0,0.746,9.24,60.583,0.63,0.875,2021,5.241572172,0.686
Gabon,4.852,112.0,0.776,9.603,59.962,0.731,0.84,2021,1.931138222,0.706
Burkina Faso,4.834,113.0,0.672,7.678,54.151,0.695,0.748,2021,0.189903275,0.449
Cambodia,4.83,114.0,0.765,8.36,62.0,0.959,0.843,2021,0.916659614,0.593
Nigeria,4.759,116.0,0.74,8.533,50.102,0.737,0.878,2021,0.608631271,0.535
Mali,4.723,117.0,0.724,7.744,51.969,0.697,0.827,2021,0.167400521,0.428
Iran,4.721,118.0,0.71,9.584,66.3,0.608,0.714,2021,8.870210046,0.774
Uganda,4.636,119.0,0.781,7.677,56.101,0.709,0.855,2021,0.106954357,0.525
Liberia,4.625,120.0,0.72,7.288,56.498,0.735,0.85,2021,0.199498545,0.481
Kenya,4.607,121.0,0.688,8.361,60.704,0.779,0.825,2021,0.300273588,0.575
Tunisia,4.596,122.0,0.691,9.266,67.201,0.656,0.87,2021,2.379863502,0.731
Lebanon,4.584,123.0,0.848,9.626,67.355,0.525,0.898,2021,3.804777564,0.706
Palestinian Territories,4.517,125.0,0.826,8.485,62.25,0.653,0.821,2021,0.568234611,0.715
Myanmar,4.426,126.0,0.779,8.541,59.302,0.876,0.66,2021,0.667627891,0.585
Jordan,4.395,127.0,0.767,9.182,67.0,0.755,0.705,2021,2.497997184,0.72
Chad,4.355,128.0,0.619,7.364,48.478,0.579,0.807,2021,0.055540457,0.394
Sri Lanka,4.325,129.0,0.827,9.47,67.299,0.841,0.863,2021,0.985665463,0.782
Egypt,4.283,132.0,0.75,9.367,61.998,0.749,0.795,2021,2.085874268,0.731
Ethiopia,4.275,133.0,0.764,7.694,59.0,0.752,0.761,2021,0.127560389,0.498
Mauritania,4.227,134.0,0.795,8.542,57.161,0.561,0.731,2021,0.726332991,0.556
Madagascar,4.208,135.0,0.686,7.396,59.305,0.552,0.803,2021,0.132880633,0.501
Togo,4.107,136.0,0.569,7.362,54.914,0.619,0.772,2021,0.264726786,0.539
Zambia,4.073,137.0,0.708,8.145,55.809,0.782,0.823,2021,0.3575346,0.565
Sierra Leone,3.849,138.0,0.63,7.434,51.651,0.717,0.866,2021,0.109965133,0.477
India,3.819,139.0,0.603,8.755,60.633,0.893,0.774,2021,1.769409088,0.633
Burundi,3.775,140.0,0.49,6.635,53.4,0.626,0.607,2021,0.050642582,0.426
Yemen,3.658,141.0,0.832,7.578,57.122,0.602,0.8,2021,0.327509951,0.455
Tanzania,3.623,142.0,0.702,7.876,57.999,0.833,0.577,2021,0.183121172,0.549
Haiti,3.615,143.0,0.54,7.477,55.7,0.593,0.721,2021,0.256039713,0.535
Malawi,3.6,144.0,0.537,6.958,57.948,0.78,0.729,2021,0.072922295,0.512
Botswana,3.467,146.0,0.784,9.782,59.269,0.824,0.801,2021,2.772080776,0.693
Rwanda,3.415,147.0,0.552,7.676,61.4,0.897,0.167,2021,0.079731518,0.534
Zimbabwe,3.145,148.0,0.75,7.943,56.201,0.677,0.821,2021,0.708561788,0.593
Afghanistan,2.523,149.0,0.463,7.695,52.493,0.382,0.924,2021,0.312376488,0.478
